id,drcog_id,latitude,longitude,crashdate,crashtime,city,countyname,agencyid,agencydetl,agencycode,crashtype,drcogctype,numbkilled,numbinjurd,privpropty,publicland,totlnmtrst,secndcrash,constrzone,schoolzone,onroad,rfintsctrd,drcoglocat,intofstdis,intfstdisu,intofstdir,milepoint,highwaynam,intsthghwy,statehwy,othrroadwy,mioffstdis,miofstdisu,mioffstdir,location,lnposition,harmevscd1,harmevscd2,harmevscd3,harmevscd4,harmevsmst,roadcntgrd,roaddescrp,apovrtktrn,lightngcon,rdconditin,weatherco1,weatherco2,highwaynum,numlnsblkd,rdcntrcurv,ttlvehicle,wildanimal,crashformv,city_street,rrcrossing,roadsurfac,roadcontur,drcog_hp,drcogsvrty,drcogttlpi,drcogttlmi,drcogttlsi,drcogttlk,drcogocc,drcogoccpi,drcogoccmi,drcogoccsi,drcogoccki,drcognm,drcognmpi,drcognmmi,drcognmsi,drcognmk,drcog_vru,drcogmodes,drcogsctr,drcogmoto,drcogped,drcogbike,drcogvehcl,TU1_vmov,TU1_dir,TU1_dacts,TU1_cfacts,TU1_rspeed,TUx_vmov,TUx_dir,TUx_dacts,TUx_cfacts,nm_dir,nm_actions,nm_cfacts,drcogcheck,cdot_flag,drcog_flag,Quarter,day_of_week,hour
175577,2021-45431,39.69656353,-104.94186993,2021-11-30,2026-04-19 13:41:00,DENVER,DENVER,DPD,2-334a, ,Pedestrian,Pedestrian,0,1,0,0,1.0,0,0,0,MISSISSIPPI AVE E,HARRISON ST S,MISSISSIPPI AVE E & HARRISON ST S,0.0,At the intersection, ,0.0, ,0,0,0,0.0,, ,On-roadway, ,Collision with Non-Motorist:Pedestrian,,,,Collision with Non-Motorist:Pedestrian,,At Intersection,Not Applicable,Daylight,Dry,Clear,, ,0,Straight,1.0,,DR3447,HARRI, ,,,1.0,2.0,0.0,1.0,0.0,0.0,1.0,0.0,0.0,0.0,0.0,1.0,0.0,1.0,0.0,0.0,Y,Motorvehicle; Scooter,Y, , , ,1.0,,,,,,Traveled wrong way,West,No contributing action,No apparent contributing factor,West,Traveling along roadway against traffic (in or adjacent to travel lane),Aggressive,1.0,Y, ,4,Tuesday,13
175762,2021-45500,39.76696353,-104.97085991,2021-11-21,2026-04-19 00:00:00,DENVER,DENVER,DPD,3/251C,1,Pedestrian,Pedestrian,0,1,0,0,0.0,0,0,0,36TH AVE E,LAFAYETTE ST N,36TH AVE E & LAFAYETTE ST N,0.0,At the intersection, ,0.0, ,0,0,0,0.0,, ,On-roadway, ,Collision with Non-Motorist:Pedestrian,,,,Collision with Non-Motorist:Pedestrian,,At Intersection,Not Applicable,Dark-Lighted,Dry,Clear,, ,0,,2.0,,DR2447,LAFAY, ,Blacktop (Bituminous),Straight On-Level,1.0,2.0,0.0,1.0,0.0,0.0,0.0,0.0,0.0,0.0,0.0,1.0,0.0,1.0,0.0,0.0,Y,Motorvehicle; Scooter,Y, , , ,1.0,Going straight,North,Careless driving,Distracted/other,25.0,,,,,East,No contributing action,Unknown,1.0,Y, ,4,Sunday,00
175783,2021-45521,39.69847789,-104.99271537,2021-11-21,2026-04-19 01:02:00,DENVER,DENVER,DPD,4/452S,2,Pedestrian,Pedestrian,0,1,0,0,0.0,0,0,0,PLATTE RIVER DR S,TENNESSEE AVE W,PLATTE RIVER DR S & TENNESSEE AVE W,0.25,Miles,N,210.0, ,0,1,0,0.0,0, ,On-roadway, ,Collision with Non-Motorist:Pedestrian,0,,,Collision with Non-Motorist:Pedestrian,0,Non-intersection,Not Applicable,Dark-Lighted,Dry,Clear,,0.0,0,0,1.0,,DR2447, , ,Blacktop (Bituminous),Straight On-Level,1.0,1.0,1.0,0.0,0.0,0.0,0.0,0.0,0.0,0.0,0.0,1.0,1.0,0.0,0.0,0.0,Y,Motorvehicle; Scooter,Y, , , ,1.0,Going straight,Southeast,No contributing action,No apparent contributing factor,45.0,,,,,Southeast,Other,No apparent contributing factor,1.0, ,Y,4,Sunday,01
177745,2021-46565,39.74162353,-104.96474992,2021-12-01,2026-04-19 12:58:00,DENVER,DENVER,DPD,1/CRT35, ,Pedestrian,Pedestrian,0,1,0,0,1.0,0,0,0,HIGH ST N,16TH AVE E,HIGH ST N & 16TH AVE E,0.0,At the intersection, ,0.0, ,0,0,0,0.0,, ,On-roadway,N01,Collision with Non-Motorist:Pedestrian,,,,Collision with Non-Motorist:Pedestrian,Level,At Intersection,Not Applicable,Daylight,Dry,Clear,, ,1,Straight,1.0,,DR3447,16THA, ,,,1.0,1.0,1.0,0.0,0.0,0.0,1.0,0.0,0.0,0.0,0.0,1.0,1.0,0.0,0.0,0.0,Y,Motorvehicle; Scooter,Y, , , ,1.0,,,,,,Going straight,West,No contributing action,No apparent contributing factor,West,No contributing action,No apparent contributing factor,1.0,Y, ,4,Wednesday,12
178368,2021-46921,39.76788128,-104.98206657,2021-11-24,2026-04-19 01:55:00,DENVER,DENVER,DPD,2/201A,1,Pedestrian,Pedestrian,0,1,0,0,1.0,0,0,0,BRIGHTON BLVD,32ND ST,BRIGHTON BLVD & 32ND ST,20.0,Feet,N,0.0, ,0,0,0,0.0,0, ,Ran off right side,N03,Collision with Non-Motorist:Pedestrian,0,,,Collision with Non-Motorist:Pedestrian,Level,Non-intersection,Not Applicable,Dark-Lighted,Dry,Clear,,0.0,0,Straight,1.0,,DR3447,32NDS, ,0,0,1.0,2.0,0.0,1.0,0.0,0.0,1.0,0.0,0.0,0.0,0.0,1.0,0.0,1.0,0.0,0.0,Y,Motorvehicle; Scooter,Y, , , ,1.0,Other,North,Unknown,Unknown,99.0,,,,,South,No contributing action,No apparent contributing factor,1.0, ,Y,4,Wednesday,01
179721,2021-47701,39.75105353,-104.92577992,2021-12-03,2026-04-19 08:57:00,DENVER,DENVER,DPD,1/CRT51, ,Pedestrian,Pedestrian,0,0,0,0,1.0,0,0,0,GLENCOE ST N,23RD AVE E,GLENCOE ST N & 23RD AVE E,0.0,At the intersection, ,0.0, ,0,0,0,0.0,, ,On-roadway,E01,Collision with Non-Motorist:Pedestrian,,,,Collision with Non-Motorist:Pedestrian,Level,At Intersection,Not Applicable,Daylight,Dry,Clear,, ,0,Straight,1.0,,DR3447,23RDA, ,,,1.0,0.0,0.0,0.0,0.0,0.0,1.0,0.0,0.0,0.0,0.0,1.0,0.0,0.0,0.0,0.0,Y,Motorvehicle; Scooter,Y, , , ,1.0,Going straight,South,Failed to yield row,Looked/did not see,30.0,,,,,East,Traveling along roadway with traffic (in or adjacent to travel lane),No apparent contributing factor,1.0,Y, ,4,Friday,08
211280,2021-55222,39.73684353,-104.98611991,2021-11-20,2026-04-19 23:45:00,DENVER,DENVER,DPD,3/662B,1,Broadside,Broadside,0,1,0,0,0.0,0,0,0,E 13TH AVE,N LINCOLN ST,E 13TH AVE & N LINCOLN ST,0.0,At the intersection, ,0.0, ,0,0,0,0.0,, ,On-roadway, ,Collision with Motor Vehicle in Transport:Front to Side,,,,Collision with Motor Vehicle in Transport:Front to Side,,At Intersection,Not Applicable,Dark-Lighted,Dry,Clear,, ,0,,1.0,,DR2447,LINCO, ,Blacktop (Bituminous),Straight On-Grade,1.0,3.0,0.0,0.0,1.0,0.0,0.0,0.0,0.0,0.0,0.0,1.0,0.0,0.0,1.0,0.0,Y,Motorvehicle; Scooter,Y, , , ,1.0,,,,,,Going straight,North,Unknown,Unknown,North,Cross/enter at intersection,Looked/did not see,1.0,Y, ,4,Saturday,23
306461,2021-56937,39.74693353,-104.96344992,2021-12-30,2026-04-19 10:59:00,DENVER,DENVER,DPD,1/621S, ,Pedestrian,Pedestrian,0,1,0,0,1.0,0,0,0,N RACE ST,E 20TH AVE,N RACE ST & E 20TH AVE,0.0,At the intersection, ,0.0, ,0,0,0,0.0,, ,On-roadway,S01,Collision with Non-Motorist:Pedestrian,,,,Collision with Non-Motorist:Pedestrian,Level,At Intersection,Not Applicable,Daylight,Dry,Clear,, ,2,Straight,1.0,,DR3447,20THA, ,,,1.0,3.0,0.0,0.0,1.0,0.0,1.0,0.0,0.0,0.0,0.0,1.0,0.0,0.0,1.0,0.0,Y,Motorvehicle; Scooter,Y, , , ,1.0,Going straight,South,Careless driving,Sun glare,25.0,,,,,East,No contributing action,No apparent contributing factor,1.0,Y, ,4,Thursday,10
195965,2022-02035,39.7446662,-104.9963505,2022-01-26,2026-04-19 23:53:00,DENVER,DENVER,DPD,3/651S,,Pedestrian,Pedestrian,0,1,0,0.0,1.0,0.0,0.0,0.0,14TH ST,CHAMPA ST,14TH ST & CHAMPA ST,0.0,At the intersection,,0.0,,0.0,0.0,0.0,0.0,,,On-roadway,,Collision with Non-Motorist:Pedestrian,,,,Collision with Non-Motorist:Pedestrian,Level,At Intersection,Not Applicable,Dark-Lighted,Dry,Clear,,,0.0,Straight,1.0,,DR3447,CHAMP,,,,1.0,2.0,0.0,1.0,0.0,0.0,1.0,0.0,0.0,0.0,0.0,1.0,0.0,1.0,0.0,0.0,Y,Motorvehicle; Scooter,Y,,,,1.0,Going straight,South,No contributing action,No apparent contributing factor,25.0,,,,,West,"Failure to obey traffic signs, signals, or officer",Unknown,1.0,Y,,1,Wednesday,23
206110,2022-06597,39.73843931,-104.98486438,2022-03-01,2026-04-19 15:10:00,DENVER,DENVER,DPD,1-CRT64,,Pedestrian,Pedestrian,0,0,0,0.0,0.0,0.0,0.0,0.0,14TH AVE E,SHERMAN ST N,14TH AVE E & SHERMAN ST N,6.0,Feet,S,0.0,,0.0,0.0,0.0,0.0,,,On-roadway,,Collision with Non-Motorist:Pedestrian,,,,Collision with Non-Motorist:Pedestrian,Uphill,At Intersection,Not Applicable,Daylight,Dry,Clear,,,0.0,Straight,2.0,,DR3447,SHERM,,,,1.0,0.0,0.0,0.0,0.0,0.0,1.0,0.0,0.0,0.0,0.0,1.0,0.0,0.0,0.0,0.0,Y,Motorvehicle; Scooter,Y,,,,1.0,Making right turn,North,Failed to yield row,No apparent contributing factor,30.0,,,,,West,No contributing action,Unknown,1.0,Y,,1,Tuesday,15
206449,2022-06783,39.76338853,-104.98781849,2022-02-27,2026-04-19 21:40:00,DENVER,DENVER,DPD,2,1,Pedestrian,Pedestrian,0,1,0,0.0,1.0,0.0,0.0,0.0,28TH ST,BROADWAY ST N,28TH ST & BROADWAY ST N,0.0,Feet,W,0.0,,0.0,0.0,0.0,0.0,,,On-roadway,,Collision with Non-Motorist:Pedestrian,,,,Collision with Non-Motorist:Pedestrian,Level,At Intersection,Not Applicable,Dark-Lighted,Dry,Clear,,,0.0,Straight,1.0,,DR3447,BROAD,,,,1.0,3.0,0.0,0.0,1.0,0.0,0.0,0.0,0.0,0.0,0.0,1.0,0.0,0.0,1.0,0.0,Y,Motorvehicle; Scooter,Y,,,,1.0,Going straight,East,Disregard stop sign,No apparent contributing factor,30.0,,,,,Unknown,Cross/enter at intersection,No apparent contributing factor,1.0,Y,,1,Sunday,21
206871,2022-07000,39.74143901,-104.99878531,2022-03-04,2026-04-19 16:47:00,DENVER,DENVER,DPD,2/631C,,Pedestrian,Pedestrian,0,0,0,0.0,0.0,0.0,0.0,0.0,STOUT ST,SPEER BLVD N,STOUT ST & SPEER BLVD N,20.0,Feet,E,0.0,,0.0,0.0,0.0,0.0,,,On-roadway,2,Collision with Non-Motorist:Pedestrian,,,,Collision with Non-Motorist:Pedestrian,Level,At Intersection,Not Applicable,Daylight,Dry,Cloudy,,,2.0,Straight,2.0,,DR3447,SPEER,,,,1.0,0.0,0.0,0.0,0.0,0.0,1.0,0.0,0.0,0.0,0.0,1.0,0.0,0.0,0.0,0.0,Y,Motorvehicle; Scooter,Y,,,,1.0,,,,,,Going straight,South,No contributing action,No apparent contributing factor,South,"Failure to obey traffic signs, signals, or officer",Unknown,1.0,Y,,1,Friday,16
207080,2022-07082,39.77267124,-104.97580292,2022-03-03,2026-04-19 18:36:00,DENVER,DENVER,DPD,2/231S,9,Pedestrian,Pedestrian,0,1,0,0.0,1.0,0.0,0.0,0.0,BRIGHTON BLVD N,38TH ST,BRIGHTON BLVD N & 38TH ST,150.0,Feet,S,0.0,,0.0,0.0,0.0,0.0,,,On-roadway,,Collision with Non-Motorist:Pedestrian,,,,Collision with Non-Motorist:Pedestrian,,Driveway Access Related,Not Applicable,Dark-Lighted,Dry,Clear,,,0.0,,1.0,,DR3447,38THS,,,,1.0,2.0,0.0,1.0,0.0,0.0,1.0,0.0,0.0,0.0,0.0,1.0,0.0,1.0,0.0,0.0,Y,Motorvehicle; Scooter,Y,,,,1.0,,,,,,Other,North,No contributing action,No apparent contributing factor,North,Other,Unknown,1.0,Y,,1,Thursday,18
210737,2022-08903,39.73304297,-105.01515281,2022-03-15,2026-04-19 07:43:00,DENVER,DENVER,DPD,1/123S,,Pedestrian,Pedestrian,0,1,0,0.0,1.0,0.0,0.0,0.0,YUMA ST N,1050 N YUMA ST,YUMA ST N & 1050 N YUMA ST,1000.0,Feet,N,0.0,,0.0,0.0,0.0,0.0,,,On-roadway,,Collision with Non-Motorist:Pedestrian,,,,Collision with Non-Motorist:Pedestrian,Level,Driveway Access Related,Not Applicable,Daylight,Dry,Clear,,,0.0,Straight,1.0,,DR3447,010HN,,,,1.0,2.0,0.0,1.0,0.0,0.0,1.0,0.0,0.0,0.0,0.0,1.0,0.0,1.0,0.0,0.0,Y,Motorvehicle; Scooter,Y,,,,1.0,,,,,,Other,South,No contributing action,No apparent contributing factor,South,Traveling on sidealk against traffic,Other factor,1.0,Y,,1,Tuesday,07
211652,2022-09359,39.75473353,-105.00080407,2022-03-18,2026-04-19 22:25:00,DENVER,DENVER,DPD,3/652S,,Pedestrian,Pedestrian,0,1,0,0.0,1.0,0.0,0.0,0.0,WEWATTA ST,18TH ST,WEWATTA ST & 18TH ST,200.0,Feet,S,0.0,,0.0,0.0,0.0,0.0,,,Ran off left side,,Collision with Non-Motorist:Pedestrian,,,,Collision with Non-Motorist:Pedestrian,Level,Driveway Access Related,Not Applicable,Dark-Lighted,Dry,Clear,,,0.0,Straight,1.0,,DR3447,18THS,,,,1.0,3.0,0.0,0.0,1.0,0.0,2.0,0.0,0.0,0.0,0.0,1.0,0.0,0.0,1.0,0.0,Y,Motorvehicle; Scooter,Y,,,,1.0,,,,,,Going straight,North,No contributing action,No apparent contributing factor,North,Traveling on sidealk against traffic,"Distracted/other (food, objects, pets, etc)",1.0,Y,,1,Friday,22
213475,2022-10309,39.75499351,-104.99514795,2022-03-24,2026-04-19 22:33:00,DENVER,DENVER,DPD,3/652A,,Pedestrian,Pedestrian,0,0,0,0.0,0.0,0.0,0.0,0.0,20TH ST,WAZEE ST,20TH ST & WAZEE ST,0.0,At the intersection,,0.0,,0.0,0.0,0.0,0.0,,,On-roadway,1,Collision with Non-Motorist:Pedestrian,,,,Collision with Non-Motorist:Pedestrian,,At Intersection,Not Applicable,Dark-Lighted,Dry,Clear,,,1.0,Straight,2.0,,DR3447,WAZEE,,,,1.0,0.0,0.0,0.0,0.0,0.0,2.0,0.0,0.0,0.0,0.0,1.0,0.0,0.0,0.0,0.0,Y,Motorvehicle; Scooter,Y,,,,1.0,,,,,,Other,West,No contributing action,No apparent contributing factor,West,Other,Unknown,1.0,Y,,1,Thursday,22
213684,2022-10396,39.73881102,-104.9730122,2022-03-24,2026-04-19 09:40:00,DENVER,DENVER,DPD,1-CRT61,1,Pedestrian,Pedestrian,0,1,0,0.0,1.0,0.0,0.0,0.0,DOWNING ST N,1400 BLK N,DOWNING ST N & 1400 BLK N,10.0,Feet,N,0.0,,0.0,0.0,0.0,0.0,,,On-roadway,,Collision with Non-Motorist:Pedestrian,,,,Collision with Non-Motorist:Pedestrian,Level,Crossover Related,Not Applicable,Daylight,Dry,Clear,,,0.0,Straight,1.0,,DR3447,14THA,,,,1.0,1.0,1.0,0.0,0.0,0.0,1.0,0.0,0.0,0.0,0.0,1.0,1.0,0.0,0.0,0.0,Y,Motorvehicle; Scooter,Y,,,,1.0,,,,,,Going straight,West,No contributing action,No apparent contributing factor,West,Other,Other factor,1.0,Y,,1,Thursday,09
214181,2022-10595,39.72564692,-104.9862613,2022-03-25,2026-04-19 19:43:00,DENVER,DENVER,DPD,2-331A,,Pedestrian,Pedestrian,0,1,0,0.0,1.0,0.0,0.0,0.0,LINCOLN ST N,SPEER BLVD E,LINCOLN ST N & SPEER BLVD E,0.0,At the intersection,,0.0,,0.0,0.0,0.0,0.0,,,On-roadway,4,Collision with Non-Motorist:Pedestrian,,,,Collision with Non-Motorist:Pedestrian,Level,At Intersection,Not Applicable,Dark-Lighted,Dry,Clear,,,2.0,Straight,1.0,,DR3447,SPEER,,,,1.0,3.0,0.0,0.0,1.0,0.0,1.0,0.0,0.0,0.0,0.0,1.0,0.0,0.0,1.0,0.0,Y,Motorvehicle; Scooter,Y,,,,1.0,Making left turn,North,Careless driving,Unknown,30.0,,,,,South,Cross/enter at intersection,No apparent contributing factor,1.0,Y,,1,Friday,19
214423,2022-10724,39.75008687,-105.00495331,2022-03-27,2026-04-19 13:00:00,DENVER,DENVER,DPD,1-CRT64,2,Pedestrian,Pedestrian,0,0,0,0.0,0.0,0.0,0.0,0.0,CHOPPER CIR,SPEER BLVD N,CHOPPER CIR & SPEER BLVD N,0.0,At the intersection,,0.0,,0.0,0.0,0.0,0.0,,,On-roadway,,Collision with Non-Motorist:Pedestrian,,,,Collision with Non-Motorist:Pedestrian,Level,At Intersection,Not Applicable,Daylight,Dry,Clear,,,0.0,Straight,2.0,,DR3447,SPEER,,,,1.0,0.0,0.0,0.0,0.0,0.0,1.0,0.0,0.0,0.0,0.0,1.0,0.0,0.0,0.0,0.0,Y,Motorvehicle; Scooter,Y,,,,1.0,Making right turn,South,Failed to yield row,No apparent contributing factor,30.0,,,,,South,No contributing action,Unknown,1.0,,Y,1,Sunday,13
217400,2022-12302,39.7448679,-104.98358492,2022-04-08,2026-04-19 17:14:00,DENVER,DENVER,DPD,641B/2,,Pedestrian,Pedestrian,0,1,0,0.0,1.0,0.0,0.0,0.0,E 18TH AVE,N GRANT ST,E 18TH AVE & N GRANT ST,0.0,At the intersection,E,0.0,,0.0,0.0,0.0,0.0,,,On-roadway,,Collision with Non-Motorist:Pedestrian,,,,Collision with Non-Motorist:Pedestrian,Level,At Intersection,Not Applicable,,Dry,,,,0.0,,1.0,,DR3447,GRANT,,,,1.0,3.0,0.0,0.0,1.0,0.0,1.0,0.0,0.0,0.0,0.0,1.0,0.0,0.0,1.0,0.0,Y,Motorvehicle; Scooter,Y,,,,1.0,,,,,,Going straight,South,Unknown,Unknown,South,"Cross/enter at intersection; Failure to obey traffic signs, signals, or officer",Unknown,1.0,Y,,2,Friday,17
219212,2022-13278,39.72729333,-104.97060759,2022-03-12,2026-04-19 20:00:00,DENVER,DENVER,DPD,3/351C,1,Pedestrian,Pedestrian,0,1,0,0.0,1.0,0.0,0.0,0.0,7TH AVE E,LAFAYETTE ST N,7TH AVE E & LAFAYETTE ST N,0.0,At the intersection,,0.0,,0.0,0.0,0.0,0.0,,,On-roadway,,Collision with Non-Motorist:Pedestrian,,,,Collision with Non-Motorist:Pedestrian,Level,At Intersection,Not Applicable,Dark-Lighted,Dry,Clear,,,0.0,Straight,1.0,,DR3447,LAFAY,,,,1.0,3.0,0.0,0.0,1.0,0.0,1.0,0.0,0.0,0.0,0.0,1.0,0.0,0.0,1.0,0.0,Y,Motorvehicle; Scooter,Y,,,,1.0,Other,East,Unknown,Unknown,25.0,,,,,East,Cross/enter at intersection,No apparent contributing factor,1.0,Y,,1,Saturday,20
220420,2022-13916,39.72414041,-104.98625187,2022-04-21,2026-04-19 23:25:00,DENVER,DENVER,DPD,3-357S,,Pedestrian,Pedestrian,0,0,0,0.0,0.0,0.0,0.0,0.0,5TH AVE E,LINCOLN ST N,5TH AVE E & LINCOLN ST N,0.0,At the intersection,,0.0,,0.0,0.0,0.0,0.0,,,On-roadway,1,Collision with Non-Motorist:Pedestrian,,,,Collision with Non-Motorist:Pedestrian,Downhill,At Intersection,Not Applicable,Dark-Lighted,Dry,Clear,,,0.0,Straight,2.0,,DR3447,LINCO,,,,1.0,0.0,0.0,0.0,0.0,0.0,1.0,0.0,0.0,0.0,0.0,1.0,0.0,0.0,0.0,0.0,Y,Motorvehicle; Scooter,Y,,,,1.0,,,,,,Going straight,North,No contributing action,No apparent contributing factor,North,"Failure to obey traffic signs, signals, or officer",Unknown,1.0,Y,,2,Thursday,23
220676,2022-14072,39.74327186,-104.98126212,2022-04-17,2026-04-19 22:37:00,DENVER,DENVER,DPD,3/651F,,Pedestrian,Pedestrian,0,1,0,0.0,1.0,0.0,0.0,0.0,17TH AVE E,PENNSYLVANIA ST N,17TH AVE E & PENNSYLVANIA ST N,50.0,Feet,W,0.0,,0.0,0.0,0.0,0.0,,,On-roadway,3,Collision with Non-Motorist:Pedestrian,,,,Collision with Non-Motorist:Pedestrian,Level,Crossover Related,Not Applicable,Dark-Lighted,Dry,Clear,,,0.0,Straight,1.0,,DR3447,PENNS,,,,1.0,3.0,0.0,0.0,1.0,0.0,0.0,0.0,0.0,0.0,0.0,1.0,0.0,0.0,1.0,0.0,Y,Motorvehicle; Scooter,Y,,,,1.0,,,,,,Going straight,West,No contributing action,No apparent contributing factor,West,Traveling on sidealk against traffic,Other factor,1.0,Y,,2,Sunday,22
223934,2022-15717,39.72906361,-104.9835991,2022-05-06,2026-04-19 21:15:00,DENVER,DENVER,DPD,3/662S,,Pedestrian,Pedestrian,0,0,0,0.0,0.0,0.0,0.0,0.0,8TH AVE E ,300 BLK E,8TH AVE E  & 300 BLK E,0.0,,,0.0,,0.0,0.0,0.0,0.0,,,On-roadway,1,Collision with Non-Motorist:Pedestrian,,,,Collision with Non-Motorist:Pedestrian,Level,At Intersection,Not Applicable,Dark-Lighted,Dry,Clear,,,0.0,Straight,2.0,,DR3447,BLKE,,,,1.0,0.0,0.0,0.0,0.0,0.0,1.0,0.0,0.0,0.0,0.0,1.0,0.0,0.0,0.0,0.0,Y,Motorvehicle; Scooter,Y,,,,1.0,,,,,,Going straight,East,Failed to yield row,Looked/did not see,East,Other,Unknown,1.0,Y,,2,Friday,21
223990,2022-15751,39.73685455,-104.99045691,2022-05-03,2026-04-19 15:51:00,DENVER,DENVER,DPD,2/631S,3,Pedestrian,Pedestrian,0,1,0,0.0,1.0,0.0,0.0,0.0,13TH AVE W,BANNOCK ST,13TH AVE W & BANNOCK ST,60.0,Feet,W,0.0,,0.0,0.0,0.0,0.0,,,On-roadway,2,Collision with Non-Motorist:Pedestrian,,,,Collision with Non-Motorist:Pedestrian,Level,Non-intersection,Not Applicable,Daylight,Dry,Clear,,,0.0,Straight,1.0,,DR3447,BANNO,,,,1.0,2.0,0.0,1.0,0.0,0.0,1.0,0.0,0.0,0.0,0.0,1.0,0.0,1.0,0.0,0.0,Y,Motorvehicle; Scooter,Y,,,,1.0,Entering/leaving parked position,West,Careless driving,Unknown,30.0,,,,,West,No contributing action,No apparent contributing factor,1.0,Y,,2,Tuesday,15
224685,2022-16142,39.69667345,-104.99187845,2022-04-21,2026-04-19 21:26:00,DENVER,DENVER,DPD,39/TOM26,,Pedestrian,Pedestrian,0,1,0,0.0,1.0,0.0,0.0,0.0,SANTA FE DR S,MISSISSIPPI AVE W,SANTA FE DR S & MISSISSIPPI AVE W,5.0,Feet,W,209.8,,0.0,1.0,0.0,0.0,At the milepoint,,On-roadway,,Collision with Non-Motorist:Pedestrian,,,,Collision with Non-Motorist:Pedestrian,Level,At Intersection,Not Applicable,Dark-Lighted,Dry,Clear,,085B,0.0,Straight,1.0,,DR3447,,,,,1.0,3.0,0.0,0.0,1.0,0.0,2.0,0.0,0.0,0.0,0.0,1.0,0.0,0.0,1.0,0.0,Y,Motorvehicle; Scooter,Y,,,,1.0,,,,,,Going straight,West,No contributing action,No apparent contributing factor,West,"Failure to obey traffic signs, signals, or officer",Looked/did not see,1.0,Y,,2,Thursday,21
225395,2022-16499,39.76094991,-105.0043326,2022-05-14,2026-04-19 23:00:00,DENVER,DENVER,DPD,3/151S,,Pedestrian,Pedestrian,0,1,0,0.0,1.0,0.0,0.0,0.0,20TH ST,I-25 NB OFF RAMP,20TH ST & I-25 NB OFF RAMP,0.0,At the intersection,,,,0.0,0.0,0.0,0.0,,,On-roadway,2,Collision with Non-Motorist:Pedestrian,,,,Collision with Non-Motorist:Pedestrian,Uphill,At Intersection,Not Applicable,Dark-Lighted,Dry,Clear,,25,1.0,Straight,1.0,,DR3447,O,,,,1.0,2.0,0.0,1.0,0.0,0.0,2.0,0.0,0.0,0.0,0.0,1.0,0.0,1.0,0.0,0.0,Y,Motorvehicle; Scooter,Y,,,,1.0,Making right turn,North,Failed to yield row,Looked/did not see,35.0,,,,,West,Cross/enter at intersection,No apparent contributing factor,1.0,Y,,2,Saturday,23
225478,2022-16550,39.75638817,-104.98738941,2022-05-14,2026-04-19 19:10:00,DENVER,DENVER,DPD,6/642S,,Pedestrian,Pedestrian,0,0,0,0.0,0.0,0.0,0.0,0.0,24TH ST,BROADWAY ST N,24TH ST & BROADWAY ST N,0.0,At the intersection,,0.0,,0.0,0.0,0.0,0.0,,,On-roadway,2,Collision with Non-Motorist:Pedestrian,,,,Collision with Non-Motorist:Pedestrian,Level,At Intersection,Not Applicable,Daylight,Dry,Clear,,,0.0,Straight,2.0,,DR3447,BROAD,,,,1.0,0.0,0.0,0.0,0.0,0.0,1.0,0.0,0.0,0.0,0.0,1.0,0.0,0.0,0.0,0.0,Y,Motorvehicle; Scooter,Y,,,,1.0,,,,,,Other,West,No contributing action,No apparent contributing factor,West,"Failure to obey traffic signs, signals, or officer",Unknown,1.0,Y,,2,Saturday,19
228657,2022-18378,39.74762721,-105.00264751,2022-05-26,2026-04-19 10:10:00,DENVER,DENVER,DPD,1-179A,2,Pedestrian,Pedestrian,0,0,0,0.0,0.0,0.0,0.0,0.0,SPEER BLVD N,AURARIA PKWY,SPEER BLVD N & AURARIA PKWY,0.0,At the intersection,,0.0,,0.0,0.0,0.0,0.0,,,On-roadway,4,Collision with Non-Motorist:Pedestrian,,,,Collision with Non-Motorist:Pedestrian,Level,At Intersection,Not Applicable,Daylight,Dry,Clear,,,0.0,Straight,2.0,,DR3447,AURAR,,,,1.0,0.0,0.0,0.0,0.0,0.0,0.0,0.0,0.0,0.0,0.0,1.0,0.0,0.0,0.0,0.0,Y,Motorvehicle; Scooter,Y,,,,1.0,Making right turn,South,Unknown,Unknown,35.0,,,,,East,No contributing action,Unknown,1.0,Y,,2,Thursday,10
228993,2022-18540,39.75967152,-105.00177822,2022-05-28,2026-04-19 20:11:00,DENVER,DENVER,DPD,3/652I,1,Pedestrian,Pedestrian,0,0,0,0.0,0.0,0.0,0.0,0.0,20TH ST,LITTLE RAVEN ST,20TH ST & LITTLE RAVEN ST,5.0,Feet,S,0.0,,0.0,0.0,0.0,0.0,,,On-roadway,1,Collision with Non-Motorist:Pedestrian,,,,Collision with Non-Motorist:Pedestrian,Level,At Intersection,Not Applicable,Dawn or Dusk,Dry,Clear,,,0.0,Straight,2.0,,DR3447,LITTL,,,,1.0,0.0,0.0,0.0,0.0,0.0,1.0,0.0,0.0,0.0,0.0,1.0,0.0,0.0,0.0,0.0,Y,Motorvehicle; Scooter,Y,,,,1.0,Making right turn,North,Failed to stop at signal,Aggressive driving,25.0,,,,,West,No contributing action,Unknown,1.0,Y,,2,Saturday,20
229912,2022-19026,39.71812057,-105.02524405,2022-05-29,2026-04-19 10:52:00,DENVER,DENVER,DPD,1-CRT40,2,Pedestrian,Pedestrian,0,1,0,0.0,1.0,0.0,0.0,0.0,FEDERAL BLVD ,1ST AVE W,FEDERAL BLVD  & 1ST AVE W,12.0,Feet,S,,,0.0,1.0,0.0,0.0,,,On-roadway,,Collision with Non-Motorist:Pedestrian,,,,Collision with Non-Motorist:Pedestrian,Level,At Intersection,Not Applicable,Daylight,Dry,Rain,,,0.0,Straight,1.0,,DR3447,,,,,1.0,2.0,0.0,1.0,0.0,0.0,1.0,0.0,0.0,0.0,0.0,1.0,0.0,1.0,0.0,0.0,Y,Motorvehicle; Scooter,Y,,,,1.0,Making right turn,South,Unknown,Unknown,30.0,,,,,South,Cross/enter at intersection,No apparent contributing factor,1.0,Y,,2,Sunday,10
231517,2022-19894,39.72533417,-104.9161488,2022-05-29,2026-04-19 14:50:00,DENVER,DENVER,DPD,2/341C,,Pedestrian,Pedestrian,0,1,0,0.0,1.0,0.0,0.0,0.0,KRAMERIA ST N,6TH AVE E,KRAMERIA ST N & 6TH AVE E,0.0,,,0.0,,0.0,0.0,0.0,0.0,,,On-roadway,1,Collision with Non-Motorist:Pedestrian,,,,Collision with Non-Motorist:Pedestrian,Level,At Intersection,Not Applicable,Daylight,Dry,Clear,,,0.0,Straight,1.0,,DR3447,AVE,,,,1.0,3.0,0.0,0.0,1.0,0.0,1.0,0.0,0.0,0.0,0.0,1.0,0.0,0.0,1.0,0.0,Y,Motorvehicle; Scooter,Y,,,,1.0,Going straight,North,Careless driving; Disregard stop sign,Age/driver ability,35.0,,,,,East,Cross/enter at intersection,No apparent contributing factor,1.0,Y,,2,Sunday,14