id,drcog_id,latitude,longitude,crashdate,crashtime,city,countyname,agencyid,agencydetl,agencycode,crashtype,drcogctype,numbkilled,numbinjurd,privpropty,publicland,totlnmtrst,secndcrash,constrzone,schoolzone,onroad,rfintsctrd,drcoglocat,intofstdis,intfstdisu,intofstdir,milepoint,highwaynam,intsthghwy,statehwy,othrroadwy,mioffstdis,miofstdisu,mioffstdir,location,lnposition,harmevscd1,harmevscd2,harmevscd3,harmevscd4,harmevsmst,roadcntgrd,roaddescrp,apovrtktrn,lightngcon,rdconditin,weatherco1,weatherco2,highwaynum,numlnsblkd,rdcntrcurv,ttlvehicle,wildanimal,crashformv,city_street,rrcrossing,roadsurfac,roadcontur,drcog_hp,drcogsvrty,drcogttlpi,drcogttlmi,drcogttlsi,drcogttlk,drcogocc,drcogoccpi,drcogoccmi,drcogoccsi,drcogoccki,drcognm,drcognmpi,drcognmmi,drcognmsi,drcognmk,drcog_vru,drcogmodes,drcogsctr,drcogmoto,drcogped,drcogbike,drcogvehcl,TU1_vmov,TU1_dir,TU1_dacts,TU1_cfacts,TU1_rspeed,TUx_vmov,TUx_dir,TUx_dacts,TUx_cfacts,nm_dir,nm_actions,nm_cfacts,drcogcheck,cdot_flag,drcog_flag,Quarter,day_of_week,hour
232468,2022-20361,39.71632991,-104.99216837,2022-06-09,2026-04-19 17:05:00,DENVER,DENVER,DPD,2,,Pedestrian,Pedestrian,0,0,0,0.0,1.0,0.0,0.0,0.0,CHEROKEE ST S,ELLSWORTH AVE W,CHEROKEE ST S & ELLSWORTH AVE W,100.0,Feet,S,0.0,,0.0,0.0,0.0,0.0,,,On-roadway,,Collision with Non-Motorist:Pedestrian,,,,Collision with Non-Motorist:Pedestrian,Level,Non-intersection,Not Applicable,Daylight,Dry,Clear,,,0.0,Straight,1.0,,DR3447,ELLSW,,,,1.0,0.0,0.0,0.0,0.0,0.0,1.0,0.0,0.0,0.0,0.0,1.0,0.0,0.0,0.0,0.0,Y,Motorvehicle; Scooter,Y,,,,1.0,Passing,South,Careless driving,Aggressive driving,30.0,,,,,North,No contributing action,No apparent contributing factor,1.0,Y,,2,Thursday,17
234355,2022-21395,39.70942668,-105.02981764,2022-06-17,2026-04-19 18:32:00,DENVER,DENVER,DPD,03/451C,,Pedestrian,Pedestrian,0,2,0,0.0,2.0,0.0,0.0,0.0,DAKOTA AVE W,IRVING ST S,DAKOTA AVE W & IRVING ST S,0.0,,,0.0,,0.0,0.0,0.0,0.0,,,On-roadway,1,Collision with Non-Motorist:Pedestrian,Collision with Non-Motorist:Pedestrian,,,Collision with Non-Motorist:Pedestrian,Level,At Intersection,Not Applicable,Daylight,Dry,Clear,,,1.0,Straight,1.0,,DR3447,IRVIN,,,,1.0,2.0,0.0,2.0,0.0,0.0,1.0,0.0,0.0,0.0,0.0,2.0,0.0,2.0,0.0,0.0,Y,Motorvehicle; Scooter,Y,,,,1.0,Going straight,West,No contributing action,No apparent contributing factor,25.0,,,,,South; South,No contributing action; No contributing action,No apparent contributing factor; No apparent contributing factor,1.0,Y,,2,Friday,18
236342,2022-21969,39.74483508,-104.97339037,2022-06-04,2026-04-19 02:01:00,DENVER,DENVER,DPD,3/661D,1,Pedestrian,Pedestrian,0,0,0,0.0,0.0,0.0,0.0,0.0,DOWNING ST N,18TH AVE E,DOWNING ST N & 18TH AVE E,0.0,At the intersection,,0.0,,0.0,0.0,0.0,0.0,,,On-roadway,,Collision with Non-Motorist:Pedestrian,,,,Collision with Non-Motorist:Pedestrian,Level,At Intersection,Not Applicable,Dark-Lighted,Dry,Clear,,,0.0,Straight,2.0,,DR3447,AVE,,,,1.0,0.0,0.0,0.0,0.0,0.0,1.0,0.0,0.0,0.0,0.0,1.0,0.0,0.0,0.0,0.0,Y,Motorvehicle; Scooter,Y,,,,1.0,,,,,,Going straight,South,Unknown,Unknown,South,Other,Unknown,1.0,Y,,2,Saturday,02
236620,2022-22112,39.76695953,-104.96595211,2022-06-20,2026-04-19 17:13:00,DENVER,DENVER,DPD,2/231D,,Pedestrian,Pedestrian,0,1,0,0.0,1.0,0.0,0.0,0.0,36TH AVE E,WILLIAMS ST N,36TH AVE E & WILLIAMS ST N,0.0,At the intersection,,0.0,,0.0,0.0,0.0,0.0,,,On-roadway,,Collision with Non-Motorist:Pedestrian,,,,Collision with Non-Motorist:Pedestrian,Level,At Intersection,Not Applicable,Daylight,Dry,Clear,,,0.0,Straight,1.0,,DR3447,WILLI,,,,1.0,2.0,0.0,1.0,0.0,0.0,1.0,0.0,0.0,0.0,0.0,1.0,0.0,1.0,0.0,0.0,Y,Motorvehicle; Scooter,Y,,,,1.0,,,,,,Going straight,North,No contributing action,No apparent contributing factor,North,Failure to yield right-of-way,No apparent contributing factor,1.0,Y,,2,Monday,17
237539,2022-22556,39.73385657,-104.98741541,2022-06-24,2026-04-19 22:59:00,DENVER,DENVER,DPD,6/651F,,Pedestrian,Pedestrian,0,1,0,0.0,2.0,0.0,0.0,0.0,E 11TH AVE,N BROADWAY ST,E 11TH AVE & N BROADWAY ST,50.0,Feet,E,0.0,,0.0,0.0,0.0,0.0,,,On-roadway,1,Collision with Non-Motorist:Pedestrian,,,,Collision with Non-Motorist:Pedestrian,Level,Crossover Related,Not Applicable,Dark-Lighted,Dry,Clear,,,1.0,Straight,1.0,,DR3447,BROAD,,,,1.0,2.0,0.0,1.0,0.0,0.0,2.0,0.0,0.0,0.0,0.0,1.0,0.0,1.0,0.0,0.0,Y,Motorvehicle; Scooter,Y,,,,1.0,,,,,,Going straight,West,,No apparent contributing factor,West,Traveling along roadway against traffic (in or adjacent to travel lane),Other factor,1.0,Y,,2,Friday,22
239355,2022-23481,39.75159036,-104.99083078,2022-06-26,2026-04-19 00:44:00,DENVER,DENVER,DPD,3/651S,2,Pedestrian,Pedestrian,0,1,0,0.0,1.0,0.0,0.0,0.0,20TH ST,ARAPAHOE ST,20TH ST & ARAPAHOE ST,0.0,,,0.0,,0.0,0.0,0.0,0.0,,,On-roadway,,Collision with Non-Motorist:Pedestrian,,,,Collision with Non-Motorist:Pedestrian,Level,At Intersection,Not Applicable,Dark-Lighted,Dry,Clear,,,0.0,Straight,1.0,,DR3447,ARAPA,,,,1.0,2.0,0.0,1.0,0.0,0.0,0.0,0.0,0.0,0.0,0.0,1.0,0.0,1.0,0.0,0.0,Y,Motorvehicle; Scooter,Y,,,,1.0,Other,Unknown,Unknown,Unknown,99.0,,,,,Unknown,Other,Under the influence of alcohol/drugs,1.0,Y,,2,Sunday,00
239365,2022-23485,39.72334102,-104.98379509,2022-06-04,2026-04-19 22:22:00,DENVER,DENVER,DPD,3/351C,1,Pedestrian,Pedestrian,0,1,0,0.0,1.0,0.0,0.0,0.0,N GRANT ST,E SPEER BLVD,N GRANT ST & E SPEER BLVD,30.0,Feet,S,0.0,,0.0,0.0,0.0,0.0,,,On-roadway,1,Collision with Non-Motorist:Pedestrian,,,,Collision with Non-Motorist:Pedestrian,Level,Intersection Related,Not Applicable,Dark-Lighted,Dry,Clear,,,1.0,Straight,1.0,,DR3447,SPEER,,,,1.0,3.0,0.0,0.0,1.0,0.0,1.0,0.0,0.0,0.0,0.0,1.0,0.0,0.0,1.0,0.0,Y,Motorvehicle; Scooter,Y,,,,1.0,Making right turn,South,Careless driving; Too fast for conditions,Unknown,25.0,,,,,North,No contributing action,No apparent contributing factor,1.0,Y,,2,Saturday,22
239999,2022-23836,39.7540175,-104.99641226,2022-07-05,2026-04-19 07:47:00,DENVER,DENVER,DPD,1-CRT40,,Pedestrian,Pedestrian,0,1,0,0.0,1.0,0.0,0.0,0.0,19TH ST,WAZEE ST,19TH ST & WAZEE ST,0.0,At the intersection,N,0.0,,0.0,0.0,0.0,0.0,,,On-roadway,,Collision with Non-Motorist:Pedestrian,Collision with Non-Motorist:Pedestrian,,,Collision with Non-Motorist:Pedestrian,Level,At Intersection,Not Applicable,Daylight,Dry,Rain,,,0.0,Straight,2.0,,DR3447,,,,,1.0,1.0,1.0,0.0,0.0,0.0,2.0,0.0,0.0,0.0,0.0,1.0,1.0,0.0,0.0,0.0,Y,Motorvehicle; Scooter,Y,,,,2.0,,,,,,Going straight; Stopped in traffic,South; West,No contributing action; No contributing action,No apparent contributing factor; No apparent contributing factor,South,Failure to yield right-of-way,Unknown,1.0,Y,,3,Tuesday,07
240028,2022-23855,39.74123316,-104.98944768,2022-06-29,2026-04-19 16:55:00,DENVER,DENVER,DPD,2/MALL22,,Pedestrian,Pedestrian,0,0,0,0.0,0.0,0.0,0.0,0.0,15TH ST [2800 BLK[,COURT PL,15TH ST [2800 BLK[ & COURT PL,150.0,Feet,E,0.0,,0.0,0.0,0.0,0.0,,,On Private Property,,Collision with Non-Motorist:Pedestrian,,,,Collision with Non-Motorist:Pedestrian,Level,Driveway Access Related,Not Applicable,Daylight,Dry,Clear,,,0.0,Straight,2.0,,DR3447,,,,,1.0,0.0,0.0,0.0,0.0,0.0,1.0,0.0,0.0,0.0,0.0,1.0,0.0,0.0,0.0,0.0,Y,Motorvehicle; Scooter,Y,,,,1.0,,,,,,Going straight,East,Unknown,Unknown,East,Improper passing,Unknown,1.0,Y,,2,Wednesday,16
240098,2022-23892,39.73681248,-104.95859622,2022-07-05,2026-04-19 12:00:00,DENVER,DENVER,DPD,1-CRT64,,Pedestrian,Pedestrian,0,1,0,0.0,1.0,0.0,0.0,0.0,N JOSEPHINE ST,E 13TH AVE,N JOSEPHINE ST & E 13TH AVE,0.0,At the intersection,,0.0,,0.0,0.0,0.0,0.0,,,On-roadway,2,Collision with Non-Motorist:Pedestrian,,,,Collision with Non-Motorist:Pedestrian,Level,At Intersection,Not Applicable,Daylight,Dry,Clear,,,1.0,Straight,1.0,,DR3447,,,,,1.0,2.0,0.0,1.0,0.0,0.0,1.0,0.0,0.0,0.0,0.0,1.0,0.0,1.0,0.0,0.0,Y,Motorvehicle; Scooter,Y,,,,1.0,Making right turn,West,Failed to yield row,Looked/did not see,30.0,,,,,West,Cross/enter at intersection,No apparent contributing factor,1.0,Y,,3,Tuesday,12
242145,2022-24831,39.74839479,-104.99151993,2022-07-12,2026-04-19 16:30:00,DENVER,DENVER,DPD,1-CRT64,,Fell from Motor Vehicle,Non-collision crash,0,1,0,0.0,1.0,0.0,0.0,0.0,CHAMPA ST,18TH ST,CHAMPA ST & 18TH ST,0.0,At the intersection,,0.0,,0.0,0.0,0.0,0.0,,,On-roadway,,Collision with Non-Motorist:Pedestrian,,,,Collision with Non-Motorist:Pedestrian,Level,At Intersection,Not Applicable,Daylight,Dry,Clear,,,0.0,Straight,1.0,,DR3447,18THS,,,,1.0,2.0,0.0,1.0,0.0,0.0,1.0,0.0,0.0,0.0,0.0,1.0,0.0,1.0,0.0,0.0,Y,Motorvehicle; Scooter,Y,,,,1.0,Making right turn,South,Failed to yield row,Looked/did not see,30.0,,,,,South,No contributing action,No apparent contributing factor,1.0,Y,,3,Tuesday,16
243030,2022-25255,39.76082855,-105.0040972,2022-07-16,2026-04-19 20:53:00,DENVER,DENVER,DPD,2/113,,Pedestrian,Pedestrian,0,1,0,0.0,1.0,0.0,0.0,0.0,I-25 NB EXIT RAMP,20TH ST,I-25 NB EXIT RAMP & 20TH ST,0.0,At the intersection,,211.0,,0.0,0.0,0.0,0.0,At the milepoint,,On-roadway,2,Collision with Non-Motorist:Pedestrian,,,,Collision with Non-Motorist:Pedestrian,Uphill,Intersection Related,Not Applicable,Dark-Lighted,Dry,Clear,,25,1.0,Curve Unknown Direction,1.0,,DR3447,O,,,,1.0,1.0,1.0,0.0,0.0,0.0,1.0,0.0,0.0,0.0,0.0,1.0,1.0,0.0,0.0,0.0,Y,Motorvehicle; Scooter,Y,,,,1.0,Making right turn,North,Failed to yield row,Looked/did not see,25.0,,,,,West,No contributing action,No apparent contributing factor,1.0,Y,,3,Saturday,20
244739,2022-26205,39.74335811,-104.98737619,2022-07-22,2026-04-19 23:42:00,DENVER,DENVER,DPD,2/642S,,Pedestrian,Pedestrian,0,1,0,0.0,1.0,0.0,0.0,0.0,N BROADWAY ST,E 17TH AVE,N BROADWAY ST & E 17TH AVE,10.0,Feet,E,0.0,,0.0,0.0,0.0,0.0,,,On-roadway,,Collision with Non-Motorist:Pedestrian,,,,Collision with Non-Motorist:Pedestrian,Uphill,Mid-Block Crosswalk,Not Applicable,Dark-Lighted,Dry,Clear,,,0.0,Straight,1.0,,DR3447,,,,,1.0,1.0,1.0,0.0,0.0,0.0,1.0,0.0,0.0,0.0,0.0,1.0,1.0,0.0,0.0,0.0,Y,Motorvehicle; Scooter,Y,,,,1.0,Making left turn,South,Unknown,Unknown,35.0,,,,,North,Other,Unknown,1.0,Y,,3,Friday,23
244834,2022-26258,39.73045372,-104.98740293,2022-06-26,2026-04-19 01:58:00,DENVER,DENVER,DPD,1-313b,,Pedestrian,Pedestrian,0,0,0,0.0,1.0,0.0,0.0,0.0,N BROADWAY ST,E 9TH AVE,N BROADWAY ST & E 9TH AVE,0.0,,,0.0,,0.0,0.0,0.0,0.0,,,On-roadway,,Collision with Non-Motorist:Pedestrian,,,,Collision with Non-Motorist:Pedestrian,,At Intersection,Not Applicable,Dark-Lighted,Dry,Clear,,,0.0,Straight,1.0,,DR3447,9THAV,,,,1.0,0.0,0.0,0.0,0.0,0.0,1.0,0.0,0.0,0.0,0.0,1.0,0.0,0.0,0.0,0.0,Y,Motorvehicle; Scooter,Y,,,,1.0,Making left turn,South,No contributing action,No apparent contributing factor,99.0,,,,,North,No contributing action,No apparent contributing factor,1.0,Y,,2,Sunday,01
251361,2022-29602,39.71657574,-104.98750168,2022-08-08,2026-04-19 14:40:00,DENVER,DENVER,DPD,2 / 379C,,Pedestrian,Pedestrian,0,1,0,0.0,0.0,0.0,0.0,0.0,S BROADWAY ST,W ELLSWORTH AVE,S BROADWAY ST & W ELLSWORTH AVE,0.0,At the intersection,,0.0,,0.0,0.0,0.0,0.0,,,On-roadway,1,Collision with Non-Motorist:Pedestrian,Collision with Non-Motorist:Pedestrian,,,Collision with Non-Motorist:Pedestrian,Level,At Intersection,Not Applicable,Daylight,Dry,Clear,,,1.0,Straight,2.0,,DR3447,ELLSW,,,,1.0,3.0,0.0,0.0,1.0,0.0,2.0,0.0,0.0,1.0,0.0,1.0,0.0,0.0,0.0,0.0,Y,Motorvehicle; Motorcycle; Scooter,Y,Y,,,2.0,Going straight,North,Careless driving,Driver inexperience,30.0,Going straight,East,No contributing action,No apparent contributing factor,North,Other,Inexperience,1.0,Y,,3,Monday,14
253567,2022-30773,39.75710486,-104.99648722,2022-08-23,2026-04-19 20:13:00,DENVER,DENVER,DPD,2/632F,3,Pedestrian,Pedestrian,0,0,0,0.0,0.0,0.0,0.0,0.0,21ST ST,WEWATTA ST,21ST ST & WEWATTA ST,0.0,,,0.0,,0.0,0.0,0.0,0.0,,,On-roadway,1,Collision with Non-Motorist:Pedestrian,,,,Collision with Non-Motorist:Pedestrian,Uphill,At Intersection,Not Applicable,Dark-Lighted,Dry,Clear,,,0.0,Straight,2.0,,DR3447,WEWAT,,,,1.0,0.0,0.0,0.0,0.0,0.0,1.0,0.0,0.0,0.0,0.0,1.0,0.0,0.0,0.0,0.0,Y,Motorvehicle; Scooter,Y,,,,1.0,Other,East,Other contributing action,No apparent contributing factor,35.0,,,,,North,No contributing action,Unknown,1.0,Y,,3,Tuesday,20
253804,2022-30928,39.7517132,-104.98374433,2022-08-23,2026-04-19 20:06:00,DENVER,DENVER,DPD,2/CRT92,,Pedestrian,Pedestrian,0,1,0,0.0,1.0,0.0,0.0,0.0,PARK AVE W,CALIFORNIA ST,PARK AVE W & CALIFORNIA ST,0.0,At the intersection,,0.0,,0.0,0.0,0.0,0.0,,,On-roadway,5,Collision with Non-Motorist:Pedestrian,,,,Collision with Non-Motorist:Pedestrian,Level,At Intersection,Not Applicable,Dark-Lighted,Dry,Clear,,,5.0,Straight,1.0,,DR3447,CALIF,,,,1.0,3.0,0.0,0.0,1.0,0.0,2.0,0.0,0.0,0.0,0.0,1.0,0.0,0.0,1.0,0.0,Y,Motorvehicle; Scooter,Y,,,,1.0,,,,,,Going straight,West,No contributing action,No apparent contributing factor,West,Cross/enter at intersection,Unfamiliar with area,1.0,Y,,3,Tuesday,20
254420,2022-31239,39.73385657,-104.98741541,2022-08-24,2026-04-19 08:00:00,DENVER,DENVER,DPD,1/CRT65,,Pedestrian,Pedestrian,0,1,0,0.0,1.0,0.0,0.0,0.0,1135 N BROADWAY,E 11TH AVE,1135 N BROADWAY & E 11TH AVE,0.0,,,0.0,,0.0,0.0,0.0,0.0,,,On-roadway,,Collision with Non-Motorist:Pedestrian,,,,Collision with Non-Motorist:Pedestrian,,Driveway Access Related,Not Applicable,Daylight,Dry,Clear,,,0.0,Straight,1.0,,DR3447,A0011,,,,1.0,1.0,1.0,0.0,0.0,0.0,1.0,0.0,0.0,0.0,0.0,1.0,1.0,0.0,0.0,0.0,Y,Motorvehicle; Scooter,Y,,,,1.0,,,,,,Going straight,Unknown,No contributing action,No apparent contributing factor,Unknown,Other,No apparent contributing factor,1.0,Y,,3,Wednesday,08
254432,2022-31246,39.74820045,-104.95976727,2022-08-24,2026-04-19 18:22:00,DENVER,DENVER,DPD,2/233B,,Pedestrian,Pedestrian,0,1,0,0.0,1.0,0.0,0.0,0.0,E 21ST AVE,N YORK ST,E 21ST AVE & N YORK ST,0.0,At the intersection,,0.0,,0.0,0.0,0.0,0.0,,,On-roadway,2,Collision with Non-Motorist:Pedestrian,,,,Collision with Non-Motorist:Pedestrian,Level,At Intersection,Not Applicable,Daylight,Dry,Clear,,,0.0,Straight,1.0,,DR3447,YORKS,,,,1.0,2.0,0.0,1.0,0.0,0.0,2.0,0.0,0.0,0.0,0.0,1.0,0.0,1.0,0.0,0.0,Y,Motorvehicle; Scooter,Y,,,,1.0,Making right turn,West,Failed to yield row,Driver inexperience,35.0,,,,,West,Cross/enter at intersection,No apparent contributing factor,1.0,Y,,3,Wednesday,18
254631,2022-31370,39.6561635,-105.05297473,2022-08-27,2026-04-19 12:30:00,DENVER,DENVER,DPD,1/423J,,Pedestrian,Pedestrian,0,0,0,0.0,1.0,0.0,0.0,0.0,DARTMOUTH AVE 5100 BLK W ,S SHERIDAN BLVD,DARTMOUTH AVE 5100 BLK W  & S SHERIDAN BLVD,70.0,Feet,E,0.0,,0.0,0.0,0.0,0.3,Miles,NE,On-roadway,1,Collision with Non-Motorist:Pedestrian,,,,Collision with Non-Motorist:Pedestrian,Level,Driveway Access Related,Not Applicable,Daylight,Dry,Clear,,95,0.0,Straight,1.0,,DR3447,SHERI,,,,1.0,0.0,0.0,0.0,0.0,0.0,1.0,0.0,0.0,0.0,0.0,1.0,0.0,0.0,0.0,0.0,Y,Motorvehicle; Scooter,Y,,,,1.0,,,,,,Going straight,West,No contributing action,No apparent contributing factor,West,Traveling along roadway against traffic (in or adjacent to travel lane),No apparent contributing factor,1.0,Y,,3,Saturday,12
254645,2022-31376,39.74003356,-104.99879833,2022-08-27,2026-04-19 07:50:00,DENVER,DENVER,DPD,1/123,,Pedestrian,Pedestrian,0,1,0,0.0,1.0,0.0,0.0,0.0,W COLFAX AVE,N SPEER BLVD,W COLFAX AVE & N SPEER BLVD,0.0,At the intersection,N,298.0,,0.0,1.0,0.0,0.0,At the milepoint,N,On-roadway,1,Collision with Non-Motorist:Pedestrian,,,,Collision with Non-Motorist:Pedestrian,Level,At Intersection,Not Applicable,Daylight,Dry,Clear,,40,1.0,Straight,1.0,,DR3447,,,,,1.0,3.0,0.0,0.0,1.0,0.0,1.0,0.0,0.0,0.0,0.0,1.0,0.0,0.0,1.0,0.0,Y,Motorvehicle; Scooter,Y,,,,1.0,,,,,,Going straight,East,No contributing action,No apparent contributing factor,East,"Failure to obey traffic signs, signals, or officer; Failure to yield right-of-way",No apparent contributing factor,1.0,Y,,3,Saturday,07
255527,2022-31856,39.76018476,-105.00688594,2022-08-28,2026-04-19 13:15:00,DENVER,DENVER,DPD,2/143E,,Pedestrian,Pedestrian,0,0,0,0.0,1.0,0.0,0.0,0.0,CENTRAL ST,18TH ST,CENTRAL ST & 18TH ST,0.0,At the intersection,,0.0,,0.0,0.0,0.0,0.0,,,On-roadway,,Collision with Non-Motorist:Pedestrian,,,,Collision with Non-Motorist:Pedestrian,Level,At Intersection,Not Applicable,Daylight,Dry,Clear,,,0.0,Straight,1.0,,DR3447,18THS,,,,1.0,0.0,0.0,0.0,0.0,0.0,1.0,0.0,0.0,0.0,0.0,1.0,0.0,0.0,0.0,0.0,Y,Motorvehicle; Scooter,Y,,,,1.0,,,,,,Going straight,Unknown,No contributing action,No apparent contributing factor,Unknown,Traveling on sidealk against traffic,No apparent contributing factor,1.0,Y,,3,Sunday,13
256132,2022-32182,39.74839479,-104.99151993,2022-08-29,2026-04-19 10:00:00,DENVER,DENVER,DPD,2/CRT37,,Pedestrian,Pedestrian,0,0,0,0.0,1.0,0.0,0.0,0.0,CHAMPA ST,18TH ST,CHAMPA ST & 18TH ST,0.0,At the intersection,,0.0,,0.0,0.0,0.0,0.0,,,On-roadway,1,Collision with Non-Motorist:Pedestrian,,,,Collision with Non-Motorist:Pedestrian,Level,At Intersection,Not Applicable,Daylight,Dry,Clear,,,0.0,Straight,1.0,,DR3447,18THS,,,,1.0,0.0,0.0,0.0,0.0,0.0,1.0,0.0,0.0,0.0,0.0,1.0,0.0,0.0,0.0,0.0,Y,Motorvehicle; Scooter,Y,,,,1.0,Making right turn,West,Failed to yield row,Distracted/other exterior,25.0,,,,,West,Traveling along roadway with traffic (in or adjacent to travel lane),No apparent contributing factor,1.0,Y,,3,Monday,10
256215,2022-32220,39.73839078,-104.95869161,2022-07-28,2026-04-19 22:10:00,DENVER,DENVER,DPD,3 - 252D,,Pedestrian,Pedestrian,0,1,0,0.0,1.0,0.0,0.0,0.0,E 14TH AVE,N JOSEPHINE ST,E 14TH AVE & N JOSEPHINE ST,0.0,At the intersection,N,0.0,,0.0,0.0,0.0,0.0,,,On-roadway,1,Collision with Non-Motorist:Pedestrian,,,,Collision with Non-Motorist:Pedestrian,Level,At Intersection,Not Applicable,Dark-Lighted,Dry,Clear,,,4.0,Straight,1.0,,DR3447,JOSEP,,,,1.0,3.0,0.0,0.0,1.0,0.0,1.0,0.0,0.0,0.0,0.0,1.0,0.0,0.0,1.0,0.0,Y,Motorvehicle; Scooter,Y,,,,1.0,,,,,,Going straight,East,No contributing action,No apparent contributing factor,East,"Failure to obey traffic signs, signals, or officer",Looked/did not see,1.0,Y,,3,Thursday,22
260399,2022-34408,39.73685632,-104.99572028,2022-09-13,2026-04-19 17:24:00,DENVER,DENVER,DPD,2/631S,,Pedestrian,Pedestrian,0,1,0,0.0,1.0,0.0,0.0,0.0,W 13TH AVE,SPEER BLVD,W 13TH AVE & SPEER BLVD,0.0,At the intersection,,0.0,,0.0,0.0,0.0,0.0,,,On-roadway,,Collision with Non-Motorist:Pedestrian,,,,Collision with Non-Motorist:Pedestrian,Level,At Intersection,Not Applicable,Daylight,Dry,Clear,,,0.0,Straight,1.0,,DR3447,SPEER,,,,1.0,2.0,0.0,1.0,0.0,0.0,1.0,0.0,0.0,0.0,0.0,1.0,0.0,1.0,0.0,0.0,Y,Motorvehicle; Scooter,Y,,,,1.0,,,,,,Other,East,No contributing action,No apparent contributing factor,East,Other,Other factor,1.0,Y,,3,Tuesday,17
262515,2022-35510,39.7569042,-104.98571926,2022-08-18,2026-04-19 23:22:00,DENVER,DENVER,DPD,3 / 622S,,Pedestrian,Pedestrian,0,0,0,0.0,0.0,0.0,0.0,0.0,25TH ST,LAWRENCE ST,25TH ST & LAWRENCE ST,0.0,,,0.0,,0.0,0.0,0.0,0.0,,,On-roadway,1,Collision with Non-Motorist:Pedestrian,,,,Collision with Non-Motorist:Pedestrian,Level,At Intersection,Not Applicable,Dark-Lighted,Dry,,,,2.0,Straight,2.0,,DR3447,LAWRE,,,,1.0,0.0,0.0,0.0,0.0,0.0,1.0,0.0,0.0,0.0,0.0,1.0,0.0,0.0,0.0,0.0,Y,Motorvehicle; Scooter,Y,,,,1.0,,,,,,Going straight,North,No contributing action,No apparent contributing factor,East,"Failure to obey traffic signs, signals, or officer",Other factor,1.0,Y,,3,Thursday,23
265117,2022-36850,39.71109348,-105.02992487,2022-08-23,2026-04-19 22:02:00,DENVER,DENVER,DPD,3/452A,,Pedestrian,Pedestrian,0,1,0,0.0,1.0,0.0,0.0,0.0,S IRVING ST,W ALAMEDA AVE,S IRVING ST & W ALAMEDA AVE,0.0,At the intersection,S,12.7,,0.0,1.0,0.0,0.3,Miles,W,On-roadway,3,Collision with Non-Motorist:Pedestrian,,,,Collision with Non-Motorist:Pedestrian,Level,At Intersection,Not Applicable,Dark-Lighted,Dry,,,26,0.0,Straight,1.0,,DR3447,,,,,1.0,2.0,0.0,1.0,0.0,0.0,0.0,0.0,0.0,0.0,0.0,1.0,0.0,0.0,0.0,0.0,Y,Motorvehicle; Scooter,Y,,,,1.0,Making right turn,North,Unknown,Unknown,99.0,,,,,West,Traveling on sidealk against traffic,No apparent contributing factor,1.0,Y,,3,Tuesday,22
266113,2022-37441,39.74164899,-104.96968132,2022-10-04,2026-04-19 09:55:00,DENVER,DENVER,DPD,CRT-53,,Pedestrian,Pedestrian,0,0,0,0.0,1.0,0.0,0.0,0.0,N HUMBOLDT ST,E 16TH AVE,N HUMBOLDT ST & E 16TH AVE,0.0,At the intersection,,0.0,,0.0,0.0,0.0,0.0,,,On-roadway,1,Collision with Non-Motorist:Pedestrian,,,,Collision with Non-Motorist:Pedestrian,Level,At Intersection,Not Applicable,Daylight,Dry,Cloudy,,,1.0,Straight,1.0,,DR3447,THAVE,,,,1.0,0.0,0.0,0.0,0.0,0.0,1.0,0.0,0.0,0.0,0.0,1.0,0.0,0.0,0.0,0.0,Y,Motorvehicle; Scooter,Y,,,,1.0,Going straight,South,Disregard stop sign,Looked/did not see,20.0,,,,,West,No contributing action,No apparent contributing factor,1.0,Y,,4,Tuesday,09
266785,2022-37753,39.7255769,-104.97291456,2022-10-07,2026-04-19 17:43:00,DENVER,DENVER,DPD,3-331A,,Pedestrian,Pedestrian,0,1,0,0.0,1.0,0.0,0.0,0.0,E 6TH AVE,N DOWNING ST,E 6TH AVE & N DOWNING ST,0.0,At the intersection,SW,0.0,,0.0,0.0,0.0,0.0,,,On-roadway,3,Collision with Non-Motorist:Pedestrian,,,,Collision with Non-Motorist:Pedestrian,Level,At Intersection,Not Applicable,Daylight,Dry,Clear,,,1.0,Straight,1.0,,DR3447,DOWNI,,,,1.0,2.0,0.0,1.0,0.0,0.0,1.0,0.0,0.0,0.0,0.0,1.0,0.0,1.0,0.0,0.0,Y,Motorvehicle; Scooter,Y,,,,1.0,,,,,,Going straight,South,No contributing action,No apparent contributing factor,South,Cross/enter at intersection,Other factor,1.0,Y,,4,Friday,17
270204,2022-39672,39.76228162,-104.98051493,2022-10-17,2026-04-19 07:00:00,DENVER,DENVER,DPD,1/211,2,Pedestrian,Pedestrian,0,1,0,0.0,1.0,0.0,0.0,0.0,30TH ST,LARIMER ST,30TH ST & LARIMER ST,0.0,At the intersection,,0.0,,0.0,0.0,0.0,0.0,,,On-roadway,,Collision with Non-Motorist:Pedestrian,,,,Collision with Non-Motorist:Pedestrian,Level,At Intersection,Not Applicable,Dawn or Dusk,Dry,Clear,,,0.0,Straight,1.0,,DR3447,LARIM,,,,1.0,3.0,0.0,0.0,1.0,0.0,1.0,0.0,0.0,0.0,0.0,1.0,0.0,0.0,1.0,0.0,Y,Motorvehicle; Scooter,Y,,,,1.0,Making left turn,Southeast,Failed to yield row,Not observed,25.0,,,,,Northeast,Cross/enter at intersection,No apparent contributing factor,1.0,Y,,4,Monday,07