id,drcog_id,latitude,longitude,crashdate,crashtime,city,countyname,agencyid,agencydetl,agencycode,crashtype,drcogctype,numbkilled,numbinjurd,privpropty,publicland,totlnmtrst,secndcrash,constrzone,schoolzone,onroad,rfintsctrd,drcoglocat,intofstdis,intfstdisu,intofstdir,milepoint,highwaynam,intsthghwy,statehwy,othrroadwy,mioffstdis,miofstdisu,mioffstdir,location,lnposition,harmevscd1,harmevscd2,harmevscd3,harmevscd4,harmevsmst,roadcntgrd,roaddescrp,apovrtktrn,lightngcon,rdconditin,weatherco1,weatherco2,highwaynum,numlnsblkd,rdcntrcurv,ttlvehicle,wildanimal,crashformv,city_street,rrcrossing,roadsurfac,roadcontur,drcog_hp,drcogsvrty,drcogttlpi,drcogttlmi,drcogttlsi,drcogttlk,drcogocc,drcogoccpi,drcogoccmi,drcogoccsi,drcogoccki,drcognm,drcognmpi,drcognmmi,drcognmsi,drcognmk,drcog_vru,drcogmodes,drcogsctr,drcogmoto,drcogped,drcogbike,drcogvehcl,TU1_vmov,TU1_dir,TU1_dacts,TU1_cfacts,TU1_rspeed,TUx_vmov,TUx_dir,TUx_dacts,TUx_cfacts,nm_dir,nm_actions,nm_cfacts,drcogcheck,cdot_flag,drcog_flag,Quarter,day_of_week,hour
366631,2023-28644,39.7451655,-105.02993723,2023-07-07,2026-04-19 12:19:00,DENVER,01,DPD,1-179A,,Pedestrian,Pedestrian,0,1,0,0,1.0,0,0,0,W 18TH AVE,N IRVING ST,W 18TH AVE & N IRVING ST,0.0,At the intersection,,0.0,,0,0,0,0.0,,,On-roadway,S01,Collision with Non-Motorist:Pedestrian,,,,Collision with Non-Motorist:Pedestrian,Level,At Intersection,Not Applicable,Daylight,Dry,Clear,,,1,Straight,1.0,,DR3447,IRVIN,,,,1.0,2.0,0.0,1.0,0.0,0.0,1.0,0.0,0.0,0.0,0.0,1.0,0.0,1.0,0.0,0.0,Y,Motorvehicle; Scooter,Y,,,,1.0,,,,,,Going straight,South,No contributing action,No apparent contributing factor,East,Dart/dash,Unknown,0.0,Y,,3,Friday,12
367527,2023-29093,39.7367587,-104.92058507,2023-07-11,2026-04-19 10:12:00,DENVER,01,DPD,1-CRT23,,Pedestrian,Pedestrian,0,1,0,0,1.0,0,0,0,E 13TH AVE,N IVY ST,E 13TH AVE & N IVY ST,0.0,At the intersection,,0.0,,0,0,0,0.0,,,On-roadway,W01,Collision with Non-Motorist:Pedestrian,,,,Collision with Non-Motorist:Pedestrian,Level,At Intersection,Not Applicable,Daylight,Dry,Clear,,,0,Straight,1.0,,DR3447,IVYST,,,,1.0,1.0,1.0,0.0,0.0,0.0,1.0,0.0,0.0,0.0,0.0,1.0,1.0,0.0,0.0,0.0,Y,Motorvehicle; Scooter,Y,,,,1.0,Making left turn,West,Careless driving,Not observed,20.0,,,,,West,No contributing action,No apparent contributing factor,0.0,Y,,3,Tuesday,10
367962,2023-29267,39.7320221,-104.979844,2023-07-16,2026-04-19 05:14:00,DENVER,01,DPD,3/662C,,Pedestrian,Pedestrian,0,0,0,0,0.0,0,0,0,E 10TH AVE,N PEARL ST,E 10TH AVE & N PEARL ST,0.0,At the intersection,,0.0,,0,0,0,0.0,,,On-roadway,,Collision with Non-Motorist:Pedestrian,,,,Collision with Non-Motorist:Pedestrian,Level,At Intersection,Not Applicable,Dawn or Dusk,Dry,Clear,,,0,Straight,2.0,,DR3447,PEARL,,,,1.0,0.0,0.0,0.0,0.0,0.0,1.0,0.0,0.0,0.0,0.0,1.0,0.0,0.0,0.0,0.0,Y,Motorvehicle; Scooter,Y,,,,1.0,Going straight,Unknown,Careless driving,Other factor,30.0,,,,,Unknown,No contributing action,Unknown,0.0,Y,,3,Sunday,05
368254,2023-29433,39.7517442,-104.99587678,2023-05-07,2026-04-19 22:39:00,DENVER,01,DPD,3/652C,,Pedestrian,Pedestrian,0,2,0,0,2.0,0,0,0,MARKET ST,18TH ST,MARKET ST & 18TH ST,0.0,At the intersection,S,0.0,,0,0,0,0.0,,,On-roadway,W02,Collision with Non-Motorist:Pedestrian,Collision with Non-Motorist:Pedestrian,,,Collision with Non-Motorist:Pedestrian,Level,At Intersection,Not Applicable,Dark-Lighted,Dry,Clear,,,0,Straight,1.0,,DR3447,S0018,,,,1.0,3.0,0.0,1.0,1.0,0.0,2.0,0.0,0.0,0.0,0.0,2.0,0.0,1.0,1.0,0.0,Y,Motorvehicle; Scooter,Y,,,,1.0,,,,,,Going straight,Northwest,No contributing action,No apparent contributing factor,Southwest; Southwest,"Failure to obey traffic signs, signals, or officer; Traveling along roadway against traffic (in or adjacent to travel lane); No contributing action",Distracted/passenger; Unknown,0.0,Y,,2,Sunday,22
368496,2023-29557,39.75181236,-104.99110399,2023-07-23,2026-04-19 13:45:00,DENVER,01,DPD,1-CRT64,,Pedestrian,Pedestrian,0,1,0,0,1.0,0,0,0,20TH ST,LAWRENCE ST,20TH ST & LAWRENCE ST,250.0,Feet,E,0.0,,0,0,0,0.0,,,On-roadway,,Collision with Non-Motorist:Pedestrian,,,,Collision with Non-Motorist:Pedestrian,Level,Driveway Access Related,Not Applicable,Daylight,Dry,Clear,,,0,Straight,1.0,,DR3447,LAWRE,,,,1.0,2.0,0.0,1.0,0.0,0.0,1.0,0.0,0.0,0.0,0.0,1.0,0.0,1.0,0.0,0.0,Y,Motorvehicle; Scooter,Y,,,,1.0,Going straight,North,Failed to yield row,Looked/did not see,15.0,,,,,West,Other,No apparent contributing factor,0.0,Y,,3,Sunday,13
368896,2023-29790,39.76921649,-104.93053452,2023-07-26,2026-04-19 18:14:00,DENVER,DENVER,DPD,02 / 241B,,Pedestrian,Pedestrian,0,1,0,0,1.0,0,0,0,E 38TH AVE,N EUDORA ST,E 38TH AVE & N EUDORA ST,0.0,At the intersection,,0.0,,0,0,0,0.0,,,On-roadway,E01,Collision with Non-Motorist:Pedestrian,,,,Collision with Non-Motorist:Pedestrian,Level,At Intersection,Not Applicable,Daylight,Dry,Clear,,,1,Straight,1.0,,DR3447,EUDOR,,,,1.0,3.0,0.0,0.0,1.0,0.0,2.0,0.0,0.0,0.0,0.0,1.0,0.0,0.0,1.0,0.0,Y,Motorvehicle; Scooter,Y,,,,1.0,Making left turn,West,Failed to yield row,Sun glare,25.0,,,,,East,Traveling along roadway with traffic (in or adjacent to travel lane),No apparent contributing factor,0.0,Y,,3,Wednesday,18
369109,2023-29904,39.75436093,-105.0065584,2023-07-22,2026-04-19 18:35:00,DENVER,01,DPD,2/CRT61,02,Pedestrian,Pedestrian,0,1,0,0,1.0,0,0,0,LITTLE RAVEN ST,15TH ST,LITTLE RAVEN ST & 15TH ST,0.0,At the intersection,,0.0,,0,0,0,0.0,,,On-roadway,,Collision with Non-Motorist:Pedestrian,,,,Collision with Non-Motorist:Pedestrian,Level,At Intersection,Not Applicable,Daylight,Dry,Clear,,,0,Straight,1.0,,DR3447,S0015,,,,1.0,3.0,0.0,0.0,1.0,0.0,1.0,0.0,0.0,0.0,0.0,1.0,0.0,0.0,1.0,0.0,Y,Motorvehicle; Scooter,Y,,,,1.0,Going straight,Northeast,Careless driving,Unknown,35.0,,,,,Northeast,No contributing action,No apparent contributing factor,0.0,Y,,3,Saturday,18
369233,2023-29985,39.74667221,-104.98231713,2023-07-29,2026-04-19 09:40:00,DENVER,01,DPD,2/CRT63,,Pedestrian,Pedestrian,0,1,0,0,1.0,0,0,0, LOGAN ST,E 19TH AVE, LOGAN ST & E 19TH AVE,173.0,Feet,N,0.0,,0,0,0,0.0,,,On-roadway,,Collision with Non-Motorist:Pedestrian,,,,Collision with Non-Motorist:Pedestrian,Level,Driveway Access Related,Not Applicable,Daylight,Dry,Clear,,,0,Straight,1.0,,DR3447,A0019,,,,1.0,1.0,1.0,0.0,0.0,0.0,1.0,0.0,0.0,0.0,0.0,1.0,1.0,0.0,0.0,0.0,Y,Motorvehicle; Scooter,Y,,,,1.0,Making left turn,North,Followed too closely,Aggressive driving,20.0,,,,,North,No contributing action,No apparent contributing factor,0.0,Y,,3,Saturday,09
370159,2023-30634,39.7671129,-104.9949159,2023-08-05,2026-04-19 01:29:00,DENVER,DENVER,DPD,3/152B,,Pedestrian,Pedestrian,0,1,0,0,1.0,0,0,0,PARK AVE W,I-25 NB RAMPS,PARK AVE W & I-25 NB RAMPS,0.0,At the intersection,,,,0,0,0,0.0,,,On-roadway,S02,Collision with Non-Motorist:Pedestrian,,,,Collision with Non-Motorist:Pedestrian,Level,At Intersection,Not Applicable,Dark-Lighted,Dry,Clear,,,1,Straight,1.0,,DR3447,O,,,,1.0,2.0,0.0,1.0,0.0,0.0,2.0,0.0,0.0,0.0,0.0,1.0,0.0,1.0,0.0,0.0,Y,Motorvehicle; Scooter,Y,,,,1.0,,,,,,Going straight,South,No contributing action,No apparent contributing factor,West,"In roadway improperly (standing, lying, working, playing)",Inexperience,0.0,Y,,3,Saturday,01
370225,2023-30689,39.71119843,-104.91763421,2023-08-01,2026-04-19 09:00:00,DENVER,01,DPD,2/CRT37,,Pedestrian,Pedestrian,0,1,0,0,1.0,0,0,0,E ALAMEDA AVE,S KEARNEY ST,E ALAMEDA AVE & S KEARNEY ST,0.0,At the intersection,,0.0,,0,0,0,0.0,,,On-roadway,W02,Collision with Non-Motorist:Pedestrian,,,,Collision with Non-Motorist:Pedestrian,Level,At Intersection,Not Applicable,Daylight,Dry,Clear,,,0,Straight,1.0,,DR3447,KEARN,,,,1.0,1.0,1.0,0.0,0.0,0.0,1.0,0.0,0.0,0.0,0.0,1.0,1.0,0.0,0.0,0.0,Y,Motorvehicle; Scooter,Y,,,,1.0,,,,,,Stopped in traffic,North,No contributing action,No apparent contributing factor,West,Traveling on sidealk against traffic,Other factor,0.0,Y,,3,Tuesday,09
370234,2023-30696,39.74000304,-104.96724148,2023-07-20,2026-04-19 14:00:00,DENVER,01,DPD,2/643A,03,Pedestrian,Pedestrian,0,1,0,0,1.0,0,0,0,E COLFAX AVE,N GILPIN ST,E COLFAX AVE & N GILPIN ST,0.0,At the intersection,,299.1,,0,1,0,500.0,Feet,E,On-roadway,E01,Collision with Non-Motorist:Pedestrian,Collision with Motor Vehicle in Transport:Front to Side,,,Collision with Non-Motorist:Pedestrian,Level,At Intersection,Not Applicable,Daylight,Dry,Clear,,040,2,Straight,2.0,,DR3447,,,,,1.0,2.0,0.0,1.0,0.0,0.0,2.0,0.0,0.0,0.0,0.0,1.0,0.0,1.0,0.0,0.0,Y,Motorvehicle; Scooter,Y,,,,2.0,,,,,,Going straight; Going straight,West; West,No contributing action; No contributing action,No apparent contributing factor; No apparent contributing factor,North,Cross/enter at intersection,Evading law enforcement officer,0.0,Y,,3,Thursday,14
370243,2023-30703,39.77832942,-104.97925569,2023-08-01,2026-04-19 05:55:00,DENVER,01,DPD,1/CRT13,,Pedestrian,Pedestrian,0,0,0,0,1.0,0,0,0,E 45TH AVE,N WASHINGTON ST,E 45TH AVE & N WASHINGTON ST,0.0,At the intersection,,0.0,,0,0,0,0.0,,,On-roadway,,Collision with Non-Motorist:Pedestrian,,,,Collision with Non-Motorist:Pedestrian,Level,At Intersection,Not Applicable,Daylight,Dry,Cloudy,,,0,Straight,1.0,,DR3447,WASHI,,,,1.0,0.0,0.0,0.0,0.0,0.0,1.0,0.0,0.0,0.0,0.0,1.0,0.0,0.0,0.0,0.0,Y,Motorvehicle; Scooter,Y,,,,1.0,Making right turn,East,Failed to yield row,Looked/did not see,30.0,,,,,North,Other,Aggressive,0.0,Y,,3,Tuesday,05
372237,2023-31759,39.76657928,-104.97401658,2023-07-23,2026-04-19 01:11:00,DENVER,01,DPD,3 - 251C,,Pedestrian,Pedestrian,0,1,0,0,1.0,0,0,0,35TH ST,LAWRENCE ST,35TH ST & LAWRENCE ST,250.0,Feet,E,0.0,,0,0,0,0.0,,,On-roadway,W01,Collision with Non-Motorist:Pedestrian,,,,Collision with Non-Motorist:Pedestrian,Level,Crossover Related,Not Applicable,Dark-Lighted,Dry,Clear,,,1,Straight,1.0,,DR3447,LAWRE,,,,1.0,2.0,0.0,1.0,0.0,0.0,2.0,0.0,0.0,0.0,0.0,1.0,0.0,1.0,0.0,0.0,Y,Motorvehicle; Scooter,Y,,,,1.0,,,,,,Going straight,East,No contributing action,No apparent contributing factor,Southwest,Failure to yield right-of-way,"Distracted/other (food, objects, pets, etc)",0.0,Y,,3,Sunday,01
372610,2023-31958,39.79832902,-104.89412538,2023-07-18,2026-04-19 22:39:00,DENVER,01,DPD,3 - 551A,,Pedestrian,Pedestrian,0,1,0,0,1.0,0,0,0, UINTA ST,E 56TH AVE, UINTA ST & E 56TH AVE,0.0,At the intersection,,0.0,,0,0,0,0.0,,,On-roadway,E01,Collision with Non-Motorist:Pedestrian,,,,Collision with Non-Motorist:Pedestrian,Level,At Intersection,Not Applicable,Dark-Lighted,Dry,Clear,,,1,Straight,1.0,,DR3447,A0056,,,,1.0,2.0,0.0,1.0,0.0,0.0,1.0,0.0,0.0,0.0,0.0,1.0,0.0,1.0,0.0,0.0,Y,Motorvehicle; Scooter,Y,,,,1.0,Making right turn,North,Failed to yield row,Looked/did not see,45.0,,,,,South,No contributing action,No apparent contributing factor,0.0,Y,,3,Tuesday,22
373474,2023-32467,39.74027374,-105.03931823,2023-07-06,2026-04-19 18:53:00,DENVER,01,DPD,2/143K,01,Pedestrian,Pedestrian,0,2,0,0,2.0,0,0,0, PERRY ST,W COLFAX AVE, PERRY ST & W COLFAX AVE,20.0,Feet,S,295.29,,0,1,0,20.0,Feet,S,On-roadway,S01,Collision with Non-Motorist:Pedestrian,Collision with Non-Motorist:Pedestrian,,,Collision with Non-Motorist:Pedestrian,Level,Driveway Access Related,Not Applicable,Daylight,Dry,Clear,,040,2,Straight,1.0,,DR3447,COLFA,,,,1.0,3.0,0.0,1.0,1.0,0.0,1.0,0.0,0.0,0.0,0.0,2.0,0.0,1.0,1.0,0.0,Y,Motorvehicle; Scooter,Y,,,,1.0,Going straight,South,Other contributing action,Unknown,30.0,,,,,West; West,Other; Other,No apparent contributing factor; No apparent contributing factor,0.0,Y,,3,Thursday,18
373819,2023-32599,39.74695509,-104.97333922,2023-07-17,2026-04-19 17:11:00,DENVER,01,DPD,2/641C,,Pedestrian,Pedestrian,0,1,0,0,1.0,0,0,0, DOWNING ST,E 20TH AVE, DOWNING ST & E 20TH AVE,0.0,,,0.0,,0,0,0,0.0,,,On-roadway,W01,Collision with Non-Motorist:Pedestrian,,,,Collision with Non-Motorist:Pedestrian,Level,At Intersection,Not Applicable,Daylight,Dry,Clear,,,0,Straight,1.0,,DR3447,A0020,,,,1.0,3.0,0.0,0.0,1.0,0.0,1.0,0.0,0.0,0.0,0.0,1.0,0.0,0.0,1.0,0.0,Y,Motorvehicle; Scooter,Y,,,,1.0,,,,,,Making right turn,West,No contributing action,No apparent contributing factor,South,Traveling on sidewalk with traffic,No apparent contributing factor,0.0,Y,,3,Monday,17
374627,2023-33020,39.75461441,-104.97456087,2023-07-14,2026-04-19 19:19:00,DENVER,01,DPD,2 / 231C,01,Pedestrian,Pedestrian,0,1,0,0,1.0,0,0,0, OGDEN ST,E 26TH AVE, OGDEN ST & E 26TH AVE,5.0,Feet,W,0.0,,0,0,0,0.0,,,On-roadway,W01,Collision with Non-Motorist:Pedestrian,,,,Collision with Non-Motorist:Pedestrian,Level,At Intersection,Not Applicable,Dawn or Dusk,Dry,,,,1,Straight,1.0,,DR3447,A0026,,,,1.0,1.0,1.0,0.0,0.0,0.0,1.0,0.0,0.0,0.0,0.0,1.0,1.0,0.0,0.0,0.0,Y,Motorvehicle; Scooter,Y,,,,1.0,,,,,,Going straight,West,No contributing action,No apparent contributing factor,North,Other,Other factor,0.0,Y,,3,Friday,19
375537,2023-33593,39.74813226,-104.98153959,2023-07-26,2026-04-19 12:50:00,DENVER,01,DPD,2/CRT61,01,Pedestrian,Pedestrian,0,0,0,0,1.0,0,0,0,22ND ST,COURT PL,22ND ST & COURT PL,0.0,At the intersection,,0.0,,0,0,0,0.0,,,On-roadway,,Collision with Non-Motorist:Pedestrian,,,,Collision with Non-Motorist:Pedestrian,Level,At Intersection,Not Applicable,Daylight,Dry,Clear,,,0,Straight,1.0,,DR3447,COURT,,,,1.0,0.0,0.0,0.0,0.0,0.0,1.0,0.0,0.0,0.0,0.0,1.0,0.0,0.0,0.0,0.0,Y,Motorvehicle; Scooter,Y,,,,1.0,Making left turn,East,Careless driving,Unknown,35.0,,,,,West,Cross/enter at intersection,No apparent contributing factor,0.0,Y,,3,Wednesday,12
375923,2023-33811,39.75114189,-104.99318287,2023-08-12,2026-04-19 15:20:00,DENVER,DENVER,DPD,2/CRT63,04,Pedestrian,Pedestrian,0,0,0,0,1.0,0,0,0,LAWRENCE ST,19TH ST,LAWRENCE ST & 19TH ST,98.0,Feet,SW,0.0,,0,0,0,0.0,,,On-roadway,,Collision with Non-Motorist:Pedestrian,,,,Collision with Non-Motorist:Pedestrian,Level,Non-intersection,Not Applicable,Daylight,Dry,Clear,,,0,Straight,1.0,,DR3447,S0019,,,,1.0,0.0,0.0,0.0,0.0,0.0,1.0,0.0,0.0,0.0,0.0,1.0,0.0,0.0,0.0,0.0,Y,Motorvehicle; Scooter,Y,,,,1.0,,,,,,Stopped in traffic,Northeast,No contributing action,No apparent contributing factor,Southwest,"Traveling along roadway against traffic (in or adjacent to travel lane); Failure to obey traffic signs, signals, or officer","Distracted/other (food, objects, pets, etc); Looked/did not see",0.0,Y,,3,Saturday,15
376807,2023-34365,39.74161842,-104.95978861,2023-08-17,2026-04-19 16:04:00,DENVER,DENVER,DPD,2 / 631b,03,Pedestrian,Pedestrian,0,0,0,0,0.0,0,0,0,E 16TH AVE,N YORK ST,E 16TH AVE & N YORK ST,0.0,At the intersection,,0.0,,0,0,0,0.0,,,On-roadway,W01,Collision with Non-Motorist:Pedestrian,,,,Collision with Non-Motorist:Pedestrian,Level,At Intersection,Not Applicable,Daylight,Dry,Clear,,,0,,2.0,,DR3447,YORKS,,,,1.0,0.0,0.0,0.0,0.0,0.0,1.0,0.0,0.0,0.0,0.0,1.0,0.0,0.0,0.0,0.0,Y,Motorvehicle; Scooter,Y,,,,1.0,,,,,,Going straight,West,No contributing action,No apparent contributing factor,North,"Failure to obey traffic signs, signals, or officer",Unknown,0.0,Y,,3,Thursday,16
377064,2023-34506,39.7193437,-104.98917533,2023-08-14,2026-04-19 13:00:00,DENVER,01,DPD,2/CRT37,01,Pedestrian,Pedestrian,0,1,0,0,1.0,0,0,0, ACOMA ST,W 2ND AVE, ACOMA ST & W 2ND AVE,0.0,At the intersection,,0.0,,0,0,0,0.0,,,On-roadway,W01,Collision with Non-Motorist:Pedestrian,,,,Collision with Non-Motorist:Pedestrian,Level,At Intersection,Not Applicable,Daylight,Dry,Clear,,,0,Straight,1.0,,DR3447,A0002,,,,1.0,3.0,0.0,0.0,1.0,0.0,1.0,0.0,0.0,0.0,0.0,1.0,0.0,0.0,1.0,0.0,Y,Motorvehicle; Scooter,Motorvehicle; Scooter,,,,1.0,,,,,,Going straight,West,No contributing action,No apparent contributing factor,South,Failure to yield right-of-way,Aggressive,0.0,Y,,3,Monday,13
377094,2023-34516,39.72094395,-104.98745021,2023-08-14,2026-04-19 14:00:00,DENVER,01,DPD,2/CRT37,01,Pedestrian,Pedestrian,0,1,0,0,1.0,0,0,0,W 3RD AVE,N BROADWAY ST,W 3RD AVE & N BROADWAY ST,0.0,At the intersection,,0.0,,0,0,0,0.0,,,On-roadway,W01,Collision with Non-Motorist:Pedestrian,,,,Collision with Non-Motorist:Pedestrian,Level,At Intersection,Not Applicable,Daylight,Dry,Clear,,,0,Straight,1.0,,DR3447,BROAD,,,,1.0,3.0,0.0,0.0,1.0,0.0,1.0,0.0,0.0,0.0,0.0,1.0,0.0,0.0,1.0,0.0,Y,Motorvehicle; Scooter,Motorvehicle; Scooter,,,,1.0,,,,,,Going straight,West,No contributing action,No apparent contributing factor,South,Failure to yield right-of-way,Aggressive,0.0,Y,,3,Monday,14
379239,2023-35873,39.74139484,-104.99883463,2023-08-03,2026-04-19 16:00:00,DENVER,01,DPD,2/CRT63,,Pedestrian,Pedestrian,0,1,0,0,1.0,0,0,0, SPEER BLVD,STOUT ST, SPEER BLVD & STOUT ST,0.0,At the intersection,,0.0,,0,0,0,0.0,,,On-roadway,N01,Collision with Non-Motorist:Pedestrian,,,,Collision with Non-Motorist:Pedestrian,Level,At Intersection,Not Applicable,Daylight,Dry,Clear,,,10,Straight,1.0,,DR3447,STOUT,,,,1.0,3.0,0.0,0.0,1.0,0.0,1.0,0.0,0.0,0.0,0.0,1.0,0.0,0.0,1.0,0.0,Y,Motorvehicle; Scooter,Y,,,,1.0,Going straight,North,Failed to yield row,Aggressive driving,30.0,,,,,East,Cross/enter at intersection,No apparent contributing factor,0.0,Y,,3,Thursday,16
379694,2023-36115,39.76083238,-105.00409346,2023-08-25,2026-04-19 12:37:00,DENVER,DENVER,DPD,1/733A,,Pedestrian,Pedestrian,0,1,0,0,1.0,0,0,0,I-25 NB OFF RAMP,20TH ST,I-25 NB OFF RAMP & 20TH ST,0.0,At the intersection,,,,0,0,0,0.0,,,On-roadway,W02,Collision with Non-Motorist:Pedestrian,,,,Collision with Non-Motorist:Pedestrian,Uphill,At Intersection,Not Applicable,Daylight,Wet,Rain,,025,1,Straight,1.0,,DR3447,O,,,,1.0,2.0,0.0,1.0,0.0,0.0,1.0,0.0,0.0,0.0,0.0,1.0,0.0,1.0,0.0,0.0,Y,Motorvehicle; Scooter,Y,,,,1.0,Making right turn,Northeast,Failed to yield row,Looked/did not see,25.0,,,,,East,Cross/enter at intersection,Distracted-manipulating electronic device,0.0,Y,,3,Friday,12
379920,2023-36241,39.68944073,-105.00159451,2023-08-27,2026-04-19 13:29:00,DENVER,01,DPD,1/422B,,Pedestrian,Pedestrian,0,1,0,0,1.0,0,0,0, LIPAN ST,W FLORIDA AVE, LIPAN ST & W FLORIDA AVE,0.0,At the intersection,,0.0,,0,0,0,0.0,,,On-roadway,,Collision with Non-Motorist:Pedestrian,,,,Collision with Non-Motorist:Pedestrian,Downhill,At Intersection,Not Applicable,Daylight,Dry,Clear,,,0,Straight,1.0,,DR3447,FLORI,,,,1.0,1.0,1.0,0.0,0.0,0.0,1.0,0.0,0.0,0.0,0.0,1.0,1.0,0.0,0.0,0.0,Y,Motorvehicle; Scooter,Y,,,,1.0,,,,,,Making right turn,South,No contributing action,No apparent contributing factor,East,Traveling along roadway against traffic (in or adjacent to travel lane),Other factor,0.0,Y,,3,Sunday,13
380234,2023-36452,39.74165437,-104.9747851,2023-08-29,2026-04-19 17:40:00,DENVER,01,DPD,2-642D,,Pedestrian,Pedestrian,0,1,0,0,1.0,0,0,0,16TH AVE,N OGDEN ST,16TH AVE & N OGDEN ST,0.0,,,0.0,,0,0,0,0.0,,,On-roadway,,Collision with Non-Motorist:Pedestrian,,,,Collision with Non-Motorist:Pedestrian,,At Intersection,Not Applicable,Daylight,,Blowing Snow,,,0,Straight,1.0,,DR3447,OGDEN,,,,1.0,1.0,1.0,0.0,0.0,0.0,1.0,0.0,0.0,0.0,0.0,1.0,1.0,0.0,0.0,0.0,Y,Motorvehicle; Scooter,Y,,,,1.0,Making left turn,West,Failed to yield row,Unknown,25.0,,,,,East,No contributing action,No apparent contributing factor,0.0,Y,,3,Tuesday,17
380663,2023-36732,39.77288216,-104.9429452,2023-08-30,2026-04-19 16:01:00,DENVER,01,DPD,3/251A,,Pedestrian,Pedestrian,0,0,0,0,1.0,0,0,0,E 40TH AVE,N JACKSON ST,E 40TH AVE & N JACKSON ST,0.0,At the intersection,,0.0,,0,0,0,0.0,,,On-roadway,,Collision with Non-Motorist:Pedestrian,,,,Collision with Non-Motorist:Pedestrian,Level,At Intersection,Not Applicable,Daylight,Dry,Clear,,,0,Straight,1.0,,DR3447,JACKS,,,,1.0,0.0,0.0,0.0,0.0,0.0,1.0,0.0,0.0,0.0,0.0,1.0,0.0,0.0,0.0,0.0,Y,Motorvehicle; Scooter,Y,,,,1.0,,,,,,Going straight,East,No contributing action,No apparent contributing factor,South,"Failure to obey traffic signs, signals, or officer",Looked/did not see,0.0,Y,,3,Wednesday,16
380739,2023-36759,39.74517287,-104.98872293,2023-04-27,2026-04-19 19:02:00,DENVER,01,DPD,2/631A,,Pedestrian,Pedestrian,0,1,0,0,1.0,0,0,0,GLENARM PL,17TH ST,GLENARM PL & 17TH ST,200.0,Feet,NE,0.0,,0,0,0,0.0,,,On-roadway,S01,Collision with Non-Motorist:Pedestrian,,,,Collision with Non-Motorist:Pedestrian,Level,Driveway Access Related,Not Applicable,Daylight,Dry,Cloudy,,,1,Straight,1.0,,DR3447,S0017,,,,1.0,3.0,0.0,0.0,1.0,0.0,1.0,0.0,0.0,0.0,0.0,1.0,0.0,0.0,1.0,0.0,Y,Motorvehicle; Scooter,Y,,,,1.0,,,,,,Making right turn,Northeast,No contributing action,No apparent contributing factor,Southwest,Traveling on sidewalk with traffic,No apparent contributing factor,0.0,Y,,2,Thursday,19
381139,2023-37011,39.70559881,-104.89033074,2023-08-31,2026-04-19 07:19:00,DENVER,01,DPD,1/379d,,Pedestrian,Pedestrian,0,0,0,0,0.0,0,0,0,E FAIRMOUNT DR,S VALENTIA ST,E FAIRMOUNT DR & S VALENTIA ST,0.0,At the intersection,,0.0,,0,0,0,0.0,,,On-roadway,,Collision with Non-Motorist:Pedestrian,,,,Collision with Non-Motorist:Pedestrian,Level,Roundabout,Not Applicable,Daylight,Dry,Clear,,,0,Curve Left,2.0,,DR3447,VALEN,,,,1.0,0.0,0.0,0.0,0.0,0.0,1.0,0.0,0.0,0.0,0.0,1.0,0.0,0.0,0.0,0.0,Y,Motorvehicle; Scooter,Y,,,,1.0,,,,,,Going straight,South,Unknown,Unknown,West,Cross/enter at intersection,Unknown,0.0,Y,,3,Thursday,07
381761,2023-37373,39.72944415,-105.0015902,2023-09-03,2026-04-19 18:39:00,DENVER,01,DPD,2/143E,,Parked Motor Vehicle,Collision with parked vehicle,0,1,0,0,1.0,0,0,0, LIPAN ST,W 8TH AVE, LIPAN ST & W 8TH AVE,200.0,Feet,N,0.0,,0,0,0,0.0,,,On-roadway,N01,Collision with Other Vehicle:Parked Motor Vehicle,,,,Collision with Other Vehicle:Parked Motor Vehicle,Level,Non-intersection,Not Applicable,Daylight,Dry,Clear,,,0,Straight,1.0,,DR3447,A0008,,,,1.0,3.0,0.0,0.0,1.0,0.0,0.0,0.0,0.0,0.0,0.0,1.0,0.0,0.0,1.0,0.0,Y,Motorvehicle; Scooter,Y,,,,1.0,,,,,,Parked,North,No contributing action,No apparent contributing factor,North,Other; Traveling along roadway with traffic (in or adjacent to travel lane),No apparent contributing factor,0.0,Y,,3,Sunday,18
382138,2023-37593,39.68209534,-104.93166604,2023-09-01,2026-04-19 11:58:00,DENVER,01,DPD,1/CRT35,,Pedestrian,Pedestrian,0,1,0,0,1.0,0,0,0, DAHLIA ST,E JEWELL AVE, DAHLIA ST & E JEWELL AVE,0.0,At the intersection,,0.0,,0,0,0,0.0,,,On-roadway,S01,Collision with Non-Motorist:Pedestrian,,,,Collision with Non-Motorist:Pedestrian,Level,At Intersection,Not Applicable,Daylight,Dry,Clear,,,0,Straight,1.0,,DR3447,JEWEL,,,,1.0,2.0,0.0,1.0,0.0,0.0,1.0,0.0,0.0,0.0,0.0,1.0,0.0,1.0,0.0,0.0,Y,Motorvehicle; Scooter,Y,,,,1.0,,,,,,Going straight,East,No contributing action,No apparent contributing factor,South,"Failure to obey traffic signs, signals, or officer",Looked/did not see,0.0,Y,,3,Friday,11