id,drcog_id,latitude,longitude,crashdate,crashtime,city,countyname,agencyid,agencydetl,agencycode,crashtype,drcogctype,numbkilled,numbinjurd,privpropty,publicland,totlnmtrst,secndcrash,constrzone,schoolzone,onroad,rfintsctrd,drcoglocat,intofstdis,intfstdisu,intofstdir,milepoint,highwaynam,intsthghwy,statehwy,othrroadwy,mioffstdis,miofstdisu,mioffstdir,location,lnposition,harmevscd1,harmevscd2,harmevscd3,harmevscd4,harmevsmst,roadcntgrd,roaddescrp,apovrtktrn,lightngcon,rdconditin,weatherco1,weatherco2,highwaynum,numlnsblkd,rdcntrcurv,ttlvehicle,wildanimal,crashformv,city_street,rrcrossing,roadsurfac,roadcontur,drcog_hp,drcogsvrty,drcogttlpi,drcogttlmi,drcogttlsi,drcogttlk,drcogocc,drcogoccpi,drcogoccmi,drcogoccsi,drcogoccki,drcognm,drcognmpi,drcognmmi,drcognmsi,drcognmk,drcog_vru,drcogmodes,drcogsctr,drcogmoto,drcogped,drcogbike,drcogvehcl,TU1_vmov,TU1_dir,TU1_dacts,TU1_cfacts,TU1_rspeed,TUx_vmov,TUx_dir,TUx_dacts,TUx_cfacts,nm_dir,nm_actions,nm_cfacts,drcogcheck,cdot_flag,drcog_flag,Quarter,day_of_week,hour
382354,2023-37738,39.67490759,-104.98518881,2023-09-06,2026-04-19 14:43:00,DENVER,DENVER,DPD,1/CRT35,,Broadside,Broadside,0,1,0,0,1.0,0,0,0, SHERMAN ST,E ILIFF AVE, SHERMAN ST & E ILIFF AVE,0.0,At the intersection,,0.0,,0,0,0,0.0,,,On-roadway,E01,Collision with Motor Vehicle in Transport:Front to Side,,,,Collision with Motor Vehicle in Transport:Front to Side,Downhill,At Intersection,Not Applicable,Daylight,Dry,Clear,,,1,Straight,1.0,,DR3447,ILIFF,,,,1.0,2.0,0.0,1.0,0.0,0.0,1.0,0.0,0.0,0.0,0.0,1.0,0.0,1.0,0.0,0.0,Y,Motorvehicle; Scooter,Y,,,,1.0,,,,,,Going straight,West,No contributing action,No apparent contributing factor,South,"Failure to obey traffic signs, signals, or officer",Other factor,0.0,Y,,3,Wednesday,14
382461,2023-37795,39.7400086,-104.99000738,2023-08-11,2026-04-19 23:30:00,DENVER,01,DPD,6-652C,01,,Unknown,0,0,1,0,0.0,0,0,0,1320 GLENARM PL,,1320 GLENARM PL,0.0,,,0.0,,0,0,0,0.0,,,On Private Property,,Collision with Non-Motorist:Pedestrian,,,,Collision with Non-Motorist:Pedestrian,Level,Parking Lot,Not Applicable,Dark-Lighted,Dry,Clear,,,0,Curve Unknown Direction,2.0,,DR3447,013HX,,,,1.0,0.0,0.0,0.0,0.0,0.0,4.0,0.0,0.0,0.0,0.0,1.0,0.0,0.0,0.0,0.0,Y,Motorvehicle; Scooter,Y,,,,1.0,Unknown,Unknown,Unknown,Unknown,99.0,,,,,Unknown,No contributing action,Unknown,0.0,Y,,3,Friday,23
382698,2023-37927,39.76017001,-104.91407304,2023-08-31,2026-04-19 08:12:00,DENVER,01,DPD,1-221,03,Pedestrian,Pedestrian,0,0,0,0,0.0,0,0,0,E 30TH AVE,N LOCUST ST,E 30TH AVE & N LOCUST ST,0.0,At the intersection,E,0.0,,0,0,0,0.0,,,On-roadway,S01,Collision with Non-Motorist:Pedestrian,,,,Collision with Non-Motorist:Pedestrian,Level,At Intersection,Not Applicable,Daylight,Dry,,,,0,Straight,2.0,,DR3447,LOCUS,,,,1.0,0.0,0.0,0.0,0.0,0.0,1.0,0.0,0.0,0.0,0.0,1.0,0.0,0.0,0.0,0.0,Y,Motorvehicle; Scooter,Y,,,,1.0,,,,,,Going straight,East,No contributing action,No apparent contributing factor,South,"Failure to obey traffic signs, signals, or officer",No apparent contributing factor,0.0,Y,,3,Thursday,08
382944,2023-38103,39.72932093,-105.02514862,2023-09-05,2026-04-19 17:14:00,DENVER,DENVER,DPD,2/142E,,Pedestrian,Pedestrian,0,1,0,0,1.0,0,0,0,W 8TH AVE,N FEDERAL BLVD,W 8TH AVE & N FEDERAL BLVD,0.0,At the intersection,E,0.0,,0,0,0,0.0,,,On-roadway,E02,Collision with Non-Motorist:Pedestrian,,,,Collision with Non-Motorist:Pedestrian,Level,At Intersection,Not Applicable,Daylight,Dry,Clear,,,0,Straight,1.0,,DR3447,FEDER,,,,1.0,2.0,0.0,1.0,0.0,0.0,1.0,0.0,0.0,0.0,0.0,1.0,0.0,1.0,0.0,0.0,Y,Motorvehicle; Scooter,Y,,,,1.0,,,,,,Going straight,East,No contributing action,No apparent contributing factor,East,Traveling along roadway with traffic (in or adjacent to travel lane),No apparent contributing factor,0.0,Y,,3,Tuesday,17
382963,2023-38117,39.73685918,-104.98739365,2023-09-03,2026-04-19 02:00:00,DENVER,01,DPD,3/665S,,Pedestrian,Pedestrian,0,1,0,0,1.0,0,0,0, BROADWAY ST,E 13TH AVE, BROADWAY ST & E 13TH AVE,0.0,At the intersection,,0.0,,0,0,0,0.0,,,On-roadway,S01,Collision with Non-Motorist:Pedestrian,,,,Collision with Non-Motorist:Pedestrian,Level,At Intersection,Not Applicable,Dark-Lighted,Dry,Clear,,,1,Straight,1.0,,DR3447,A0013,,,,1.0,3.0,0.0,0.0,1.0,0.0,2.0,0.0,0.0,0.0,0.0,1.0,0.0,0.0,1.0,0.0,Y,Motorvehicle; Scooter,Y,,,,1.0,,,,,,Going straight,South,No contributing action,Other factor,North,"Failure to obey traffic signs, signals, or officer; Traveling along roadway against traffic (in or adjacent to travel lane)",Inexperience; Unfamiliar with area,0.0,Y,,3,Sunday,02
383010,2023-38149,39.75627748,-104.98724307,2023-09-01,2026-04-19 21:00:00,DENVER,01,DPD,1/CRT32,01,Pedestrian,Pedestrian,0,1,0,0,1.0,0,0,0,24TH ST,N BROADWAY ST,24TH ST & N BROADWAY ST,60.0,Feet,S,0.0,,0,0,0,0.0,,,On-roadway,,Non-Collision:Other Non-Collision,Collision with Non-Motorist:Pedestrian,,,Collision with Non-Motorist:Pedestrian,Level,At Intersection,Not Applicable,Daylight,Dry,Clear,,,1,Straight,1.0,,DR3447,BROAD,,,,1.0,3.0,0.0,0.0,1.0,0.0,1.0,0.0,0.0,0.0,0.0,1.0,0.0,0.0,1.0,0.0,Y,Motorvehicle; Scooter,Y,,,,1.0,Stopped in traffic,Northwest,Failed to yield row,Unknown,25.0,,,,,South,No contributing action,No apparent contributing factor,0.0,Y,,3,Friday,21
383332,2023-38345,39.74028219,-105.01250957,2023-09-09,2026-04-19 23:19:00,DENVER,01,DPD,3/163D,,Pedestrian,Pedestrian,0,0,0,0,0.0,0,0,0,W COLFAX AVE,I-25 NB ON RAMP,W COLFAX AVE & I-25 NB ON RAMP,0.0,At the intersection,W,297.0,,0,1,0,0.25,Miles,W,On-roadway,N01,Collision with Non-Motorist:Pedestrian,,,,Collision with Non-Motorist:Pedestrian,Level,At Intersection,Not Applicable,Dark-Lighted,Dry,Clear,,040,1,Straight,2.0,,DR3447,,,,,1.0,0.0,0.0,0.0,0.0,0.0,1.0,0.0,0.0,0.0,0.0,1.0,0.0,0.0,0.0,0.0,Y,Motorvehicle; Scooter,Y,,,,1.0,,,,,,Making left turn,North,No contributing action,No apparent contributing factor,East,"Failure to obey traffic signs, signals, or officer",Looked/did not see,0.0,Y,,3,Saturday,23
383922,2023-38675,39.74020409,-105.00522491,2023-06-07,2026-04-19 21:00:00,DENVER,01,DPD,3/163C,01,Pedestrian,Pedestrian,0,1,0,0,2.0,0,0,0, OSAGE ST,W COLFAX AVE, OSAGE ST & W COLFAX AVE,0.0,At the intersection,S,297.5,,0,1,0,0.25,Miles,W,On-roadway,S01,Collision with Non-Motorist:Pedestrian,Collision with Non-Motorist:Pedestrian,,,Collision with Non-Motorist:Pedestrian,Level,At Intersection,Not Applicable,Dark-Lighted,Dry,Clear,,040,0,Straight,1.0,,DR3447,,,,,1.0,1.0,1.0,0.0,0.0,0.0,1.0,0.0,0.0,0.0,0.0,2.0,1.0,0.0,0.0,0.0,Y,Motorvehicle; Scooter,Y,,,,1.0,Making left turn,South,Careless driving,Not observed,30.0,,,,,South; South,No contributing action; No contributing action,No apparent contributing factor; No apparent contributing factor,0.0,Y,,2,Wednesday,21
384362,2023-38949,39.75420038,-105.00148943,2023-09-07,2026-04-19 15:32:00,DENVER,01,DPD,2/632B,01,Pedestrian,Pedestrian,0,1,0,0,1.0,0,0,0,WEWATTA ST,17TH ST,WEWATTA ST & 17TH ST,0.0,,,0.0,,0,0,0,0.0,,,On-roadway,,Collision with Non-Motorist:Pedestrian,,,,Collision with Non-Motorist:Pedestrian,Level,Intersection Related,Not Applicable,Daylight,Dry,Clear,,,0,Straight,1.0,,DR3447,S0017,,,,1.0,1.0,1.0,0.0,0.0,0.0,1.0,0.0,0.0,0.0,0.0,1.0,1.0,0.0,0.0,0.0,Y,Motorvehicle; Scooter,Y,,,,1.0,Making right turn,Southwest,Unknown,Unknown,99.0,,,,,Northeast,Cross/enter at intersection,No apparent contributing factor,0.0,Y,,3,Thursday,15
384466,2023-39031,39.73370772,-104.98229453,2023-09-12,2026-04-19 17:10:00,DENVER,DENVER,DPD,2/643A,,Pedestrian,Pedestrian,0,1,0,0,1.0,0,0,0,E 11TH AVE,N LOGAN ST,E 11TH AVE & N LOGAN ST,0.0,At the intersection,,0.0,,0,0,0,0.0,,,On-roadway,E01,Collision with Non-Motorist:Pedestrian,,,,Collision with Non-Motorist:Pedestrian,Level,At Intersection,Not Applicable,Daylight,Dry,Clear,,,1,Straight,1.0,,DR3447,LOGAN,,,,1.0,2.0,0.0,1.0,0.0,0.0,1.0,0.0,0.0,0.0,0.0,1.0,0.0,1.0,0.0,0.0,Y,Motorvehicle; Scooter,Y,,,,1.0,Changing lanes,East,Careless driving; Lane violation,Other factor,25.0,,,,,East,No contributing action,No apparent contributing factor,0.0,Y,,3,Tuesday,17
384992,2023-39361,39.76668686,-104.97656011,2023-09-13,2026-04-19 06:39:00,DENVER,01,DPD,1-CRT23,,Pedestrian,Pedestrian,0,1,0,0,1.0,0,0,0,34TH ST,WALNUT ST,34TH ST & WALNUT ST,0.0,At the intersection,,0.0,,0,0,0,0.0,,,On-roadway,E01,Collision with Non-Motorist:Pedestrian,,,,Collision with Non-Motorist:Pedestrian,Level,At Intersection,Not Applicable,Daylight,Dry,Clear,,,1,Straight,1.0,,DR3447,WALNU,,,,1.0,1.0,1.0,0.0,0.0,0.0,1.0,0.0,0.0,0.0,0.0,1.0,1.0,0.0,0.0,0.0,Y,Motorvehicle; Scooter,Y,,,,1.0,,,,,,Going straight,East,No contributing action,Not observed,South,"Failure to obey traffic signs, signals, or officer",Other factor,0.0,Y,,3,Wednesday,06
386923,2023-40079,39.68757443,-104.98751272,2023-09-19,2026-04-19 20:35:00,DENVER,01,DPD,2/331A,,Pedestrian,Pedestrian,0,1,0,0,1.0,0,0,0,E IOWA AVE,S BROADWAY ST,E IOWA AVE & S BROADWAY ST,0.0,At the intersection,,0.0,,0,0,0,0.0,,,On-roadway,E01,Collision with Non-Motorist:Pedestrian,,,,Collision with Non-Motorist:Pedestrian,Level,At Intersection,Not Applicable,Daylight,Dry,Clear,,,1,Straight,1.0,,DR3447,BROAD,,,,1.0,1.0,1.0,0.0,0.0,0.0,1.0,0.0,0.0,0.0,0.0,1.0,1.0,0.0,0.0,0.0,Y,Motorvehicle; Scooter,Y,,,,1.0,Making right turn,East,Failed to yield row,Looked/did not see,35.0,,,,,North,No contributing action,No apparent contributing factor,0.0,Y,,3,Tuesday,20
387677,2023-40527,39.74838846,-104.99151166,2023-08-01,2026-04-19 23:20:00,DENVER,01,DPD,3/651D,,Pedestrian,Pedestrian,0,0,0,0,1.0,0,0,0,18TH ST,CHAMPA ST,18TH ST & CHAMPA ST,0.0,,S,0.0,,0,0,0,0.0,,,On-roadway,S01,Collision with Non-Motorist:Pedestrian,,,,Collision with Non-Motorist:Pedestrian,Level,At Intersection,Not Applicable,Dark-Lighted,Dry,Clear,,,1,Straight,1.0,,DR3447,CHAMP,,,,1.0,0.0,0.0,0.0,0.0,0.0,2.0,0.0,0.0,0.0,0.0,1.0,0.0,0.0,0.0,0.0,Y,Motorvehicle; Scooter,Y,,,,1.0,,,,,,Making left turn,Northwest,No contributing action,No apparent contributing factor,Northwest,"Failure to obey traffic signs, signals, or officer",Unknown,0.0,Y,,3,Tuesday,23
388903,2023-41134,39.71845329,-105.02502368,2023-09-22,2026-04-19 19:37:00,DENVER,01,DPD,2/412,,Pedestrian,Pedestrian,0,0,0,0,1.0,0,0,0, FEDERAL BLVD,W 1ST AVE, FEDERAL BLVD & W 1ST AVE,10.0,Feet,W,1.11,,0,1,0,0.0,At the milepoint,W,On-roadway,SRS,Collision with Non-Motorist:Pedestrian,,,,Collision with Non-Motorist:Pedestrian,Level,Driveway Access Related,Not Applicable,Dark-Lighted,Dry,Clear,,088A,0,Straight,1.0,,DR3447,,,,,1.0,0.0,0.0,0.0,0.0,0.0,2.0,0.0,0.0,0.0,0.0,1.0,0.0,0.0,0.0,0.0,Y,Motorvehicle; Scooter,Y,,,,1.0,Making right turn,East,Failed to yield row,Distracted/other occupant; Looked/did not see,35.0,,,,,North,No contributing action,No apparent contributing factor,0.0,Y,,3,Friday,19
389543,2023-41477,39.76551742,-104.98495601,2023-09-24,2026-04-19 15:38:00,DENVER,01,DPD,2/132B,,Pedestrian,Pedestrian,0,1,0,0,1.0,0,0,0, BRIGHTON BLVD,31ST ST, BRIGHTON BLVD & 31ST ST,0.1,Miles,S,0.0,,0,0,0,0.0,,,On-roadway,,Collision with Non-Motorist:Pedestrian,,,,Collision with Non-Motorist:Pedestrian,Level,Driveway Access Related,Not Applicable,Daylight,Dry,Clear,,,0,Straight,1.0,,DR3447,S0031,,,,1.0,2.0,0.0,1.0,0.0,0.0,1.0,0.0,0.0,0.0,0.0,1.0,0.0,1.0,0.0,0.0,Y,Motorvehicle; Scooter,Y,,,,1.0,,,,,,Making left turn,Northeast,No contributing action,No apparent contributing factor,Southeast,Traveling along roadway against traffic (in or adjacent to travel lane),No apparent contributing factor,0.0,Y,,3,Sunday,15
390297,2023-41834,39.74327186,-104.98109576,2023-09-30,2026-04-19 15:41:00,DENVER,01,DPD,1,,Pedestrian,Pedestrian,0,0,0,0,0.0,0,0,0,E 17TH AVE,N PENNSYLVANIA ST,E 17TH AVE & N PENNSYLVANIA ST,0.0,,,0.0,,0,0,0,0.0,,,On-roadway,E02,Collision with Non-Motorist:Pedestrian,,,,Collision with Non-Motorist:Pedestrian,Level,At Intersection,Not Applicable,Daylight,Dry,Clear,,,0,Straight,2.0,,DR3447,PENNS,,,,1.0,0.0,0.0,0.0,0.0,0.0,1.0,0.0,0.0,0.0,0.0,1.0,0.0,0.0,0.0,0.0,Y,Motorvehicle; Scooter,Y,,,,1.0,,,,,,Going straight,East,No contributing action,Unknown,South,"Failure to obey traffic signs, signals, or officer",No apparent contributing factor,0.0,Y,,3,Saturday,15
390725,2023-42023,39.73685918,-104.98739365,2023-09-03,2026-04-19 00:43:00,DENVER,01,DPD,3/665S,,Pedestrian,Pedestrian,0,1,0,0,1.0,0,0,0, BROADWAY ST,E 13TH AVE, BROADWAY ST & E 13TH AVE,0.0,At the intersection,,0.0,,0,0,0,0.0,,,On-roadway,S01,Collision with Non-Motorist:Pedestrian,,,,Collision with Non-Motorist:Pedestrian,Level,At Intersection,Not Applicable,Dark-Lighted,Dry,Clear,,,1,Straight,1.0,,DR3447,A0013,,,,1.0,3.0,0.0,0.0,1.0,0.0,2.0,0.0,0.0,0.0,0.0,1.0,0.0,0.0,1.0,0.0,Y,Motorvehicle; Scooter,Y,,,,1.0,,,,,,Going straight,North,No contributing action,Other factor,North,"Failure to obey traffic signs, signals, or officer; Traveling along roadway against traffic (in or adjacent to travel lane)",Inexperience; Unfamiliar with area,0.0,Y,,3,Sunday,00
391569,2023-42464,39.74379134,-104.90110519,2023-10-04,2026-04-19 17:14:00,DENVER,01,DPD,2-242S,,Pedestrian,Pedestrian,0,0,0,0,0.0,0,0,0,E 17TH AVE,ROSLYN ST,E 17TH AVE & ROSLYN ST,0.0,At the intersection,,0.0,,0,0,0,0.0,,,On-roadway,W01,Collision with Non-Motorist:Pedestrian,,,,Collision with Non-Motorist:Pedestrian,Level,Non-intersection,Not Applicable,Daylight,Dry,Clear,,,0,Straight,1.0,,DR3447,ROSLY,,,,1.0,0.0,0.0,0.0,0.0,0.0,1.0,0.0,0.0,0.0,0.0,1.0,0.0,0.0,0.0,0.0,Y,Motorvehicle; Scooter,Y,,,,1.0,,,,,,Going straight,West,Unknown,Unknown,West,Unknown,Unknown,0.0,Y,,4,Wednesday,17
391830,2023-42597,39.68221169,-105.03436188,2023-09-30,2026-04-19 18:15:00,DENVER,01,DPD,2-442c,,Pedestrian,Pedestrian,0,1,0,0,1.0,0,0,0,W JEWELL AVE,S LOWELL BLVD,W JEWELL AVE & S LOWELL BLVD,0.0,,,0.0,,0,0,0,0.0,,,On-roadway,W01,Collision with Non-Motorist:Pedestrian,,,,Collision with Non-Motorist:Pedestrian,Level,At Intersection,Not Applicable,Daylight,Dry,Clear,,,1,Straight,1.0,,DR3447,LOWEL,,,,1.0,3.0,0.0,0.0,1.0,0.0,1.0,0.0,0.0,0.0,0.0,1.0,0.0,0.0,1.0,0.0,Y,Motorvehicle; Scooter,Y,,,,1.0,,,,,,Making right turn,South,No contributing action,No apparent contributing factor,East,Traveling along roadway against traffic (in or adjacent to travel lane),Other factor,0.0,Y,,3,Saturday,18
392185,2023-42858,39.73842191,-104.98108104,2023-08-21,2026-04-19 05:17:00,DENVER,DENVER,DPD,3/661D,,Pedestrian,Pedestrian,1,0,0,0,0.0,0,0,0, PENNSYLVANIA ST,E 14TH AVE, PENNSYLVANIA ST & E 14TH AVE,0.0,,,0.0,,0,0,0,0.0,,,On-roadway,E02,Collision with Non-Motorist:Pedestrian,,,,Collision with Non-Motorist:Pedestrian,Level,At Intersection,Not Applicable,Dark-Lighted,Dry,Clear,,,3,Straight,2.0,,DR3447,A0014,,,,1.0,4.0,0.0,0.0,0.0,1.0,1.0,0.0,0.0,0.0,0.0,1.0,0.0,0.0,0.0,1.0,Y,Motorvehicle; Scooter,Y,,,,1.0,,,,,,Going straight,East,No contributing action,No apparent contributing factor,South,"Failure to obey traffic signs, signals, or officer",Other factor,0.0,Y,,3,Monday,05
392488,2023-43043,39.74798483,-105.00071048,2023-10-03,2026-04-19 10:55:00,DENVER,01,DPD,1/612A,,Pedestrian,Pedestrian,0,1,0,0,1.0,0,0,0,MARKET ST,14TH ST,MARKET ST & 14TH ST,0.0,At the intersection,,0.0,,0,0,0,0.0,,,On-roadway,E03,Collision with Non-Motorist:Pedestrian,,,,Collision with Non-Motorist:Pedestrian,Level,At Intersection,Not Applicable,Daylight,Dry,Clear,,,0,Curve Left,1.0,,DR3447,S0014,,,,1.0,2.0,0.0,1.0,0.0,0.0,1.0,0.0,0.0,0.0,0.0,1.0,0.0,1.0,0.0,0.0,Y,Motorvehicle; Scooter,Y,,,,1.0,Making right turn,East,Failed to yield row,No apparent contributing factor,25.0,,,,,North,Cross/enter at intersection,No apparent contributing factor,0.0,Y,,4,Tuesday,10
392497,2023-43047,39.73685809,-104.99710801,2023-09-26,2026-04-19 18:17:00,DENVER,01,DPD,2-141D,,Pedestrian,Pedestrian,0,1,0,0,1.0,0,0,0, GALAPAGO ST,W 13TH AVE, GALAPAGO ST & W 13TH AVE,0.0,At the intersection,S,0.0,,0,0,0,0.0,,,On-roadway,N01,Collision with Non-Motorist:Pedestrian,,,,Collision with Non-Motorist:Pedestrian,Level,At Intersection,Not Applicable,Daylight,Dry,Clear,,,0,Straight,1.0,,DR3447,A0013,,,,1.0,3.0,0.0,0.0,1.0,0.0,1.0,0.0,0.0,0.0,0.0,1.0,0.0,0.0,1.0,0.0,Y,Motorvehicle; Scooter,Y,,,,1.0,Going straight,North,Careless driving,Unknown,25.0,,,,,East,No contributing action,No apparent contributing factor,0.0,Y,,3,Tuesday,18
393114,2023-43352,39.75033775,-104.98920758,2023-06-24,2026-04-19 09:37:00,DENVER,01,DPD,1,01,Pedestrian,Pedestrian,0,0,0,0,0.0,0,0,0,20TH ST,CHAMPA ST,20TH ST & CHAMPA ST,50.0,Feet,W,0.0,,0,0,0,0.0,,,On-roadway,W01,Collision with Non-Motorist:Pedestrian,,,,Collision with Non-Motorist:Pedestrian,Level,Non-intersection,Not Applicable,Daylight,Dry,Clear,,,0,Straight,2.0,,DR3447,CHAMP,,,,1.0,0.0,0.0,0.0,0.0,0.0,1.0,0.0,0.0,0.0,0.0,1.0,0.0,0.0,0.0,0.0,Y,Motorvehicle; Scooter,Y,,,,1.0,Swerve/avoidance,West,Other contributing action,Unknown,30.0,,,,,West,No contributing action,No apparent contributing factor,0.0,Y,,2,Saturday,09
393510,2023-43547,39.75035379,-104.98202262,2023-10-08,2026-04-19 15:50:00,DENVER,01,DPD,1-CRT64,,Pedestrian,Pedestrian,0,1,0,0,1.0,0,0,0,GLENARM PL,PARK AVE W,GLENARM PL & PARK AVE W,0.0,At the intersection,,0.0,,0,0,0,0.0,,,On-roadway,,Collision with Non-Motorist:Pedestrian,,,,Collision with Non-Motorist:Pedestrian,Level,At Intersection,Not Applicable,Daylight,Dry,Clear,,,0,Straight,1.0,,DR3447,PARKA,,,,1.0,2.0,0.0,1.0,0.0,0.0,1.0,0.0,0.0,0.0,0.0,1.0,0.0,1.0,0.0,0.0,Y,Motorvehicle; Scooter,Y,,,,1.0,Stopped in traffic,Southwest,Failed to yield row,No apparent contributing factor,25.0,,,,,Southeast,Cross/enter at intersection; Traveling on sidealk against traffic,No apparent contributing factor,0.0,Y,,4,Sunday,15
394001,2023-43780,39.76575874,-104.96843707,2023-10-09,2026-04-19 07:56:00,DENVER,01,DPD,1/211,,Pedestrian,Pedestrian,0,2,0,0,2.0,0,0,0,E 35TH AVE,N FRANKLIN ST,E 35TH AVE & N FRANKLIN ST,0.0,At the intersection,,0.0,,0,0,0,0.0,,,On-roadway,E01,Collision with Non-Motorist:Pedestrian,Collision with Non-Motorist:Pedestrian,,,Collision with Non-Motorist:Pedestrian,Level,At Intersection,Not Applicable,Daylight,Dry,Clear,,,0,Straight,1.0,,DR3447,FRANK,,,,1.0,1.0,2.0,0.0,0.0,0.0,2.0,0.0,0.0,0.0,0.0,2.0,2.0,0.0,0.0,0.0,Y,Motorvehicle; Scooter,Y,,,,1.0,Making right turn,East,Other contributing action,Looked/did not see; Sun glare,25.0,,,,,West; West,Other; Other,No apparent contributing factor; No apparent contributing factor,0.0,Y,,4,Monday,07
395189,2023-44383,39.74000419,-104.97187827,2023-10-10,2026-04-19 15:47:00,DENVER,01,DPD,2/643A,,Pedestrian,Pedestrian,0,0,0,0,1.0,0,0,0,MARION ST,E COLFAX AVE,MARION ST & E COLFAX AVE,0.0,At the intersection,,298.0,,0,1,0,500.0,Feet,W,On-roadway,N01,Collision with Non-Motorist:Pedestrian,,,,Collision with Non-Motorist:Pedestrian,Level,At Intersection,Not Applicable,Daylight,Dry,Clear,,70,1,Straight,1.0,,DR3447,,,,,1.0,0.0,0.0,0.0,0.0,0.0,1.0,0.0,0.0,0.0,0.0,1.0,0.0,0.0,0.0,0.0,Y,Motorvehicle; Scooter,Y,,,,1.0,,,,,,Going straight,North,No contributing action,No apparent contributing factor,West,"Failure to obey traffic signs, signals, or officer",Looked/did not see,0.0,Y,,4,Tuesday,15
396952,2023-44936,39.66346199,-104.94060448,2023-09-25,2026-04-19 12:57:00,DENVER,01,DPD,2/331A,,Pedestrian,Pedestrian,0,1,0,0,1.0,0,0,0,E CORNELL AVE,S COLORADO BLVD,E CORNELL AVE & S COLORADO BLVD,0.0,At the intersection,,1.0,,0,1,0,0.25,Miles,S,On-roadway,N01,Collision with Non-Motorist:Pedestrian,,,,Collision with Non-Motorist:Pedestrian,Level,At Intersection,Not Applicable,Daylight,Dry,Clear,,002A,1,,1.0,,DR3447,,,,,1.0,3.0,0.0,0.0,1.0,0.0,1.0,0.0,0.0,0.0,0.0,1.0,0.0,0.0,1.0,0.0,Y,Motorvehicle; Scooter,Y,,,,1.0,Making left turn,West,Careless driving,Looked/did not see,40.0,,,,,North,Traveling along roadway with traffic (in or adjacent to travel lane),No apparent contributing factor,0.0,Y,,3,Monday,12
397091,2023-45018,39.68278764,-104.95942515,2023-10-18,2026-04-19 06:24:00,DENVER,01,DPD,1/CRT35,,Pedestrian,Pedestrian,0,1,0,0,1.0,0,0,0,E BUCHTEL BLVD,S UNIVERSITY BLVD,E BUCHTEL BLVD & S UNIVERSITY BLVD,0.0,At the intersection,,0.0,,0,0,0,0.0,,,On-roadway,N03,Collision with Non-Motorist:Pedestrian,,,,Collision with Non-Motorist:Pedestrian,Level,At Intersection,Not Applicable,Dark-Lighted,Dry,Clear,,,0,Straight,1.0,,DR3447,UNIVE,,,,1.0,1.0,1.0,0.0,0.0,0.0,1.0,0.0,0.0,0.0,0.0,1.0,1.0,0.0,0.0,0.0,Y,Motorvehicle; Scooter,Y,,,,1.0,,,,,,Making right turn,West,No contributing action,No apparent contributing factor,West,"Failure to obey traffic signs, signals, or officer","Not visible (dark clothing, no lighting, etc)",0.0,Y,,4,Wednesday,06
397661,2023-45236,39.71817784,-104.95931995,2023-10-18,2026-04-19 18:00:00,DENVER,01,DPD,3/351A,01,Pedestrian,Pedestrian,0,0,0,0,1.0,0,0,0, UNIVERSITY BLVD,E 1ST AVE, UNIVERSITY BLVD & E 1ST AVE,0.0,At the intersection,,0.0,,0,0,0,0.0,,,On-roadway,E04,Collision with Non-Motorist:Pedestrian,,,,Collision with Non-Motorist:Pedestrian,,At Intersection,Not Applicable,Daylight,Dry,Clear,,,0,Curve Right,1.0,,DR3447,A0001,,,,1.0,0.0,0.0,0.0,0.0,0.0,1.0,0.0,0.0,0.0,0.0,1.0,0.0,0.0,0.0,0.0,Y,Motorvehicle; Scooter,Y,,,,1.0,Making right turn,East,Failed to yield row,Not observed,35.0,,,,,Unknown,Cross/enter at intersection,No apparent contributing factor,0.0,Y,,4,Wednesday,18
397784,2023-45305,39.77640639,-104.95825492,2023-10-16,2026-04-19 14:26:00,DENVER,01,DPD,2/CRT51,,Pedestrian,Pedestrian,0,1,0,0,1.0,0,0,0,E 43RD AVE,N JOSEPHINE ST,E 43RD AVE & N JOSEPHINE ST,0.0,At the intersection,,0.0,,0,0,0,0.0,,,On-roadway,N01,Collision with Non-Motorist:Pedestrian,,,,Collision with Non-Motorist:Pedestrian,Level,At Intersection,Not Applicable,Daylight,Dry,Clear,,,1,Straight,1.0,,DR3447,JOSEP,,,,1.0,2.0,0.0,1.0,0.0,0.0,1.0,0.0,0.0,0.0,0.0,1.0,0.0,1.0,0.0,0.0,Y,Motorvehicle; Scooter,Y,,,,1.0,,,,,,Going straight,North,No contributing action,No apparent contributing factor,East,"Failure to obey traffic signs, signals, or officer",Other factor,0.0,Y,,4,Monday,14