id,drcog_id,latitude,longitude,crashdate,crashtime,city,countyname,agencyid,agencydetl,agencycode,crashtype,drcogctype,numbkilled,numbinjurd,privpropty,publicland,totlnmtrst,secndcrash,constrzone,schoolzone,onroad,rfintsctrd,drcoglocat,intofstdis,intfstdisu,intofstdir,milepoint,highwaynam,intsthghwy,statehwy,othrroadwy,mioffstdis,miofstdisu,mioffstdir,location,lnposition,harmevscd1,harmevscd2,harmevscd3,harmevscd4,harmevsmst,roadcntgrd,roaddescrp,apovrtktrn,lightngcon,rdconditin,weatherco1,weatherco2,highwaynum,numlnsblkd,rdcntrcurv,ttlvehicle,wildanimal,crashformv,city_street,rrcrossing,roadsurfac,roadcontur,drcog_hp,drcogsvrty,drcogttlpi,drcogttlmi,drcogttlsi,drcogttlk,drcogocc,drcogoccpi,drcogoccmi,drcogoccsi,drcogoccki,drcognm,drcognmpi,drcognmmi,drcognmsi,drcognmk,drcog_vru,drcogmodes,drcogsctr,drcogmoto,drcogped,drcogbike,drcogvehcl,TU1_vmov,TU1_dir,TU1_dacts,TU1_cfacts,TU1_rspeed,TUx_vmov,TUx_dir,TUx_dacts,TUx_cfacts,nm_dir,nm_actions,nm_cfacts,drcogcheck,cdot_flag,drcog_flag,Quarter,day_of_week,hour
460587,2023-58222,39.75154847,-104.99561165,2023-10-14,2026-04-19 09:35:00,DENVER,01,DPD,1/CRT13,,Pedestrian,Pedestrian,0,1,0,0,1.0,0,0,0,18TH ST,MARKET ST,18TH ST & MARKET ST,94.0,Feet,SE,0.0,,0,0,0,0.0,,,On-roadway,,Collision with Non-Motorist:Pedestrian,,,,Collision with Non-Motorist:Pedestrian,Level,Crossover Related,Not Applicable,Daylight,Dry,Cloudy,,,0,Straight,1.0,,DR3447,MARKE,,,,1.0,2.0,0.0,1.0,0.0,0.0,1.0,0.0,0.0,0.0,0.0,1.0,0.0,1.0,0.0,0.0,Y,Motorvehicle; Scooter,Y,,,,1.0,,,,,,Making right turn,Southwest,,,Southeast,Traveling along roadway against traffic (in or adjacent to travel lane),Other factor,0.0,Y,,4,Saturday,09
685607,2023-59623,39.74357617,-104.99251207,2023-09-12,2026-04-19 21:42:00,DENVER,01,DPD,3/651d,,Pedestrian,Pedestrian,0,0,0,0,1.0,0,0,0,15TH ST,WELTON ST,15TH ST & WELTON ST,0.0,,N,0.0,,0,0,0,0.0,,,On-roadway,W03,Collision with Non-Motorist:Pedestrian,,,,Collision with Non-Motorist:Pedestrian,Level,At Intersection,Not Applicable,Dark-Lighted,Dry,Clear,,,0,Straight,1.0,,DR3447,WELTO,,,,1.0,0.0,0.0,0.0,0.0,0.0,1.0,0.0,0.0,0.0,0.0,1.0,0.0,0.0,0.0,0.0,Y,Motorvehicle; Scooter,Y,,,,1.0,Making right turn,Unknown,No contributing action,No apparent contributing factor,25.0,,,,,Unknown,Cross/enter at intersection,No apparent contributing factor,0.0,Y,,3,Tuesday,21
423172,2024-001369,39.74755296,-104.98295323,2024-01-31,2026-04-19 09:13:00,DENVER,DENVER,DPD,1-625S, ,Pedestrian,Pedestrian,0,0,0,0,0.0,0,0,0,E 20TH AVE,N GRANT ST,E 20TH AVE & N GRANT ST,150.0,Feet,W,0.0, ,0,0,0,0.0, , ,On-roadway, ,Collision with Non-Motorist:Pedestrian, , , ,Collision with Non-Motorist:Pedestrian,Level,Crossover Related,Not Applicable,Daylight,Dry,Clear, , ,0,Straight,2.0, ,DR3447,GRANT, , , ,1.0,0.0,0.0,0.0,0.0,0.0,1.0,0.0,0.0,0.0,0.0,1.0,0.0,0.0,0.0,0.0,Y,Motorvehicle; Scooter,Y, , , ,1.0, , , , ,0.0,Other,North,No contributing action,No apparent contributing factor,West,Other,Unknown,1.0,Y, ,1,Wednesday,09
428805,2024-004070,39.74481992,-104.96720835,2024-02-26,2026-04-19 10:59:00,DENVER,DENVER,DPD,1-CRT64, ,Pedestrian,Pedestrian,0,1,0,0,1.0,0,0,0, GILPIN ST,E 18TH AVE, GILPIN ST & E 18TH AVE,0.0,At the intersection, ,0.0, ,0,0,0,0.0, , ,On-roadway, ,Collision with Non-Motorist:Pedestrian, , , ,Collision with Non-Motorist:Pedestrian,Level,At Intersection,Not Applicable,Daylight,Dry,Clear, , ,0,Straight,1.0, ,DR3447,THAVE, , , ,1.0,2.0,0.0,1.0,0.0,0.0,1.0,0.0,0.0,0.0,0.0,1.0,0.0,1.0,0.0,0.0,Y,Motorvehicle; Scooter,Y, , , ,1.0,Going straight,North,Disregard stop sign; Failed to yield row,Looked/did not see,25.0, , , , ,West,Cross/enter at intersection; Traveling along roadway with traffic (in or adjacent to travel lane),No apparent contributing factor,1.0,Y, ,1,Monday,10
428953,2024-004128,39.76925709,-104.91761658,2024-02-26,2026-04-19 12:42:00,DENVER,DENVER,DPD,1, ,Pedestrian,Pedestrian,0,1,0,0,1.0,0,0,0,E 38TH AVE,N KEARNEY ST,E 38TH AVE & N KEARNEY ST,0.0,Feet,E,0.0, ,0,0,0,0.0, , ,On-roadway,E01,Collision with Non-Motorist:Pedestrian, , , ,Collision with Non-Motorist:Pedestrian,Level,At Intersection,Not Applicable,Daylight,Dry,Clear, , ,0,Straight,1.0, ,DR3447,KEARN, , , ,1.0,2.0,0.0,1.0,0.0,0.0,1.0,0.0,0.0,0.0,0.0,1.0,0.0,1.0,0.0,0.0,Y,Motorvehicle; Scooter,Y, , , ,1.0,Slowing,East,No contributing action,Unknown,15.0, , , , ,South,No contributing action,Unknown,1.0,Y, ,1,Monday,12
430775,2024-004771,39.74256472,-105.02521325,2024-03-02,2026-04-19 17:57:00,DENVER,DENVER,DPD,2/121, ,Sideswipe same direction,Sideswipe same direction,0,1,0,0,1.0,0,0,0, FEDERAL BLVD,W 17TH AVE, FEDERAL BLVD & W 17TH AVE,500.0,Feet,S,283.0, ,0,1,0,900.0,Feet,S,On-roadway,S02,Collision with Motor Vehicle in Transport:Front to Side, , , ,Collision with Motor Vehicle in Transport:Front to Side,Level,Non-intersection,Not Applicable,Daylight,Dry,Clear, , ,2,Straight,1.0, ,DR3447, , , , ,1.0,3.0,0.0,0.0,1.0,0.0,1.0,0.0,0.0,0.0,0.0,1.0,0.0,0.0,1.0,0.0,Y,Motorvehicle; Scooter,Y, , , ,1.0,Changing lanes,South,Other contributing action,Other factor,35.0, , , , ,South,Traveling along roadway against traffic (in or adjacent to travel lane),Other factor,1.0,Y, ,1,Saturday,17
432619,2024-005753,39.75674926,-104.97554461,2024-02-09,2026-04-19 08:45:00,DENVER,DENVER,DPD,1-211C,1,Pedestrian,Pedestrian,0,1,0,0,0.0,0,0,0,WELTON ST,29TH ST,WELTON ST & 29TH ST,40.0,Feet,NE,0.0, ,0,0,0,0.0, , ,On-roadway,N01,Collision with Non-Motorist:Pedestrian, , , ,Collision with Non-Motorist:Pedestrian,Level,Non-intersection,Not Applicable,Daylight,Wet,Cloudy,Snow, ,1,Straight,2.0, ,DR3447,29THS, , , ,1.0,1.0,1.0,0.0,0.0,0.0,1.0,1.0,0.0,0.0,0.0,1.0,0.0,0.0,0.0,0.0,Y,Motorvehicle; Scooter,Y, , , ,1.0,Going straight,Southwest,Unknown,Unknown,25.0, , , , ,Southwest,Traveling along roadway against traffic (in or adjacent to travel lane),Other factor,1.0,Y, ,1,Friday,08
433392,2024-006076,39.74752799,-104.98610577,2024-03-01,2026-04-19 14:26:00,DENVER,DENVER,DPD,1/616s, ,Broadside,Broadside,0,1,0,0,1.0,0,0,0,E 20TH AVE,N LINCOLN ST,E 20TH AVE & N LINCOLN ST,0.0,At the intersection, ,0.0, ,0,0,0,0.0, , ,On-roadway,N01,Collision with Motor Vehicle in Transport:Front to Side, , , ,Collision with Motor Vehicle in Transport:Front to Side,Level,At Intersection,Not Applicable,Daylight,Dry,Clear, , ,1,Straight,1.0, ,DR3447,LINCO, , , ,1.0,1.0,1.0,0.0,0.0,0.0,1.0,0.0,0.0,0.0,0.0,1.0,1.0,0.0,0.0,0.0,Y,Motorvehicle; Scooter,Y, , , ,1.0, , , , ,0.0,Going straight,North,No contributing action,No apparent contributing factor,West,Traveling along roadway against traffic (in or adjacent to travel lane),No apparent contributing factor,1.0,Y, ,1,Friday,14
434709,2024-006692,39.7474229,-104.91879147,2024-03-07,2026-04-19 12:50:00,DENVER,DENVER,DPD,1/222B, ,Pedestrian,Pedestrian,0,0,0,0,0.0,0,0,0,E MONTVIEW BLVD,N JASMINE ST,E MONTVIEW BLVD & N JASMINE ST,0.0, , ,0.0, ,0,0,0,0.0, , ,On-roadway,E01,Collision with Non-Motorist:Pedestrian, , , ,Collision with Non-Motorist:Pedestrian,Level,At Intersection,Not Applicable,Daylight,Dry,Clear, , ,1,Straight,2.0, ,DR3447,JASMI, , , ,1.0,0.0,0.0,0.0,0.0,0.0,1.0,0.0,0.0,0.0,0.0,1.0,0.0,0.0,0.0,0.0,Y,Motorvehicle; Scooter,Y, , , ,1.0, , , , ,0.0,Going straight,East,Disregard stop sign,No apparent contributing factor,West,Other,Unknown,1.0,Y, ,1,Thursday,12
434915,2024-006794,39.7604786,-105.02524223,2024-03-04,2026-04-19 08:53:00,DENVER,DENVER,DPD,1/113S,1,Pedestrian,Pedestrian,0,0,0,0,0.0,0,0,0, FEDERAL BLVD,N SPEER BLVD, FEDERAL BLVD & N SPEER BLVD,75.0,Feet,N,284.1, ,0,1,0,75.0,Feet,N,On-roadway,N01,Collision with Non-Motorist:Pedestrian, , , ,Collision with Non-Motorist:Pedestrian,Level,Non-intersection,Not Applicable,Daylight,Dry,Clear, ,287,0,Straight,2.0, ,DR3447, , , , ,1.0,0.0,0.0,0.0,0.0,0.0,1.0,0.0,0.0,0.0,0.0,1.0,0.0,0.0,0.0,0.0,Y,Motorvehicle; Scooter,Y, , , ,1.0, , , , ,0.0,Going straight,North,No contributing action,No apparent contributing factor,East,Cross/enter not at intersection,Unknown,1.0,Y, ,1,Monday,08
435476,2024-007096,39.71115914,-104.9875752,2024-03-08,2026-04-19 13:50:00,DENVER,DENVER,DPD,2 / CRT33, ,Pedestrian,Pedestrian,0,0,0,0,1.0,0,0,0, BROADWAY ST,E ALAMEDA AVE, BROADWAY ST & E ALAMEDA AVE,0.0,At the intersection, ,0.0, ,0,0,0,0.0, , ,On-roadway,W02,Collision with Non-Motorist:Pedestrian, , , ,Collision with Non-Motorist:Pedestrian,Level,At Intersection,Not Applicable,Daylight,Dry,Clear, , ,1,Curve Right,1.0, ,DR3447,ALAME, , , ,1.0,0.0,0.0,0.0,0.0,0.0,2.0,0.0,0.0,0.0,0.0,1.0,0.0,0.0,0.0,0.0,Y,Motorvehicle; Scooter,Y, , , ,1.0,Making right turn,South,Failed to yield row,No apparent contributing factor,35.0, , , , ,North,Cross/enter at intersection,No apparent contributing factor,1.0,Y, ,1,Friday,13
435870,2024-007267,39.76116038,-104.98198335,2024-03-10,2026-04-19 17:51:00,DENVER,DENVER,DPD,2/231A, ,Pedestrian,Pedestrian,0,1,0,0,1.0,0,0,0,2854 LARIMER ST,29TH ST,2854 LARIMER ST & 29TH ST,100.0,Feet,S,0.0, ,0,0,0,0.0, , ,On-roadway,N01,Collision with Non-Motorist:Pedestrian, , , ,Collision with Non-Motorist:Pedestrian,Level,Non-intersection,Not Applicable,Daylight,Dry,Clear, , ,0,Straight,1.0, ,DR3447,29THS, , , ,1.0,2.0,0.0,1.0,0.0,0.0,1.0,0.0,0.0,0.0,0.0,1.0,0.0,1.0,0.0,0.0,Y,Motorvehicle; Scooter,Y, , , ,1.0,Entering/leaving parked position,North,Careless driving,Unknown,25.0, , , , ,North,No contributing action,No apparent contributing factor,1.0,Y, ,1,Sunday,17
437159,2024-007969,39.71108422,-105.02494154,2024-03-15,2026-04-19 17:43:00,DENVER,DENVER,DPD,2/431A, ,Pedestrian,Pedestrian,0,0,0,0,1.0,0,0,0, FEDERAL BLVD,W ALAMEDA AVE, FEDERAL BLVD & W ALAMEDA AVE,5.0,Feet,N,2.0, ,0,1,0,5.0,Feet,N,On-roadway,S01,Collision with Non-Motorist:Pedestrian, , , ,Collision with Non-Motorist:Pedestrian,Level,At Intersection,Not Applicable,Daylight,Dry with Visible Icy Road Treatment,Cloudy, ,88,0,Straight,1.0, ,DR3447, , , , ,1.0,0.0,0.0,0.0,0.0,0.0,1.0,0.0,0.0,0.0,0.0,1.0,0.0,0.0,0.0,0.0,Y,Motorvehicle; Scooter,Y, , , ,1.0, , , , ,0.0,Making left turn,South,No contributing action,No apparent contributing factor,Unknown,Failure to yield right-of-way; Cross/enter at intersection,Age/ability; Inexperience,1.0,Y, ,1,Friday,17
437307,2024-008046,39.74020806,-104.91994635,2024-03-16,2026-04-19 10:52:00,DENVER,DENVER,DPD,1-222A, ,Pedestrian,Pedestrian,0,1,0,0,1.0,0,0,0,E COLFAX AVE,N IVY ST,E COLFAX AVE & N IVY ST,0.0,Feet,N,0.0, ,0,1,0,0.0,Feet,W,On-roadway,N01,Collision with Non-Motorist:Pedestrian, , , ,Collision with Non-Motorist:Pedestrian,Level,At Intersection,Not Applicable,Daylight,Dry,Clear, ,287,0,Straight,1.0, ,DR3447, , , , ,1.0,2.0,0.0,1.0,0.0,0.0,2.0,0.0,0.0,0.0,0.0,1.0,0.0,1.0,0.0,0.0,Y,Motorvehicle; Scooter,Y, , , ,1.0, , , , ,0.0,Making right turn,West,Unknown,No apparent contributing factor,West,Failure to yield right-of-way,No apparent contributing factor,1.0,Y, ,1,Saturday,10
437434,2024-008107,39.74327313,-104.98358893,2024-03-17,2026-04-19 22:00:00,DENVER,DENVER,DPD,3/662D,1,Pedestrian,Pedestrian,0,0,0,0,0.0,0,0,0,E 17TH AVE,N GRANT ST,E 17TH AVE & N GRANT ST,0.0,At the intersection, ,0.0, ,0,0,0,0.0, , ,On-roadway, ,Collision with Non-Motorist:Pedestrian, , , ,Collision with Non-Motorist:Pedestrian,Level,At Intersection,Not Applicable,Dark-Lighted,Dry,Clear, , ,0, ,2.0, ,DR3447,GRANT, , , ,1.0,0.0,0.0,0.0,0.0,0.0,0.0,0.0,0.0,0.0,0.0,1.0,0.0,0.0,0.0,0.0,Y,Motorvehicle; Scooter,Y, , , ,1.0,Making right turn,South,Unknown,Unknown,35.0, , , , ,South,No contributing action,Unknown,1.0,Y, ,1,Sunday,22
438370,2024-008568,39.76928806,-105.01120246,2024-03-19,2026-04-19 07:15:00,DENVER,DENVER,DPD,1 / 113C, ,Bicycle/motorized bicycle,Bicycle,0,2,0,0,2.0,0,0,0,W 38TH AVE,N TEJON ST,W 38TH AVE & N TEJON ST,0.0,At the intersection,E,0.0, ,0,0,0,0.0, , ,On-roadway,E01,Collision with Non-Motorist:Bicycle/Motorized Bicycle,Collision with Non-Motorist:Pedestrian, , ,Collision with Non-Motorist:Bicycle/Motorized Bicycle,Level,At Intersection,Not Applicable,Daylight,Dry,Clear, , ,1,Straight,1.0, ,DR3447,TEJON, , , ,1.0,2.0,1.0,1.0,0.0,0.0,1.0,0.0,0.0,0.0,0.0,2.0,1.0,1.0,0.0,0.0,Y,Motorvehicle; Bicycle; Scooter,Y, , ,Y,1.0,Going straight,East,Careless driving,Looked/did not see,35.0, , , , ,North; North,Cross/enter at intersection; Cross/enter at intersection,No apparent contributing factor; No apparent contributing factor,1.0,Y, ,1,Tuesday,07
438377,2024-008572,39.74839606,-104.99152022,2024-03-19,2026-04-19 17:35:00,DENVER,DENVER,DPD,06/632D,1,Pedestrian,Pedestrian,0,1,0,0,1.0,0,0,0,CHAMPA ST,18TH ST,CHAMPA ST & 18TH ST,0.0,At the intersection, ,0.0, ,0,0,0,0.0, , ,On-roadway,W03,Collision with Non-Motorist:Pedestrian, , , ,Collision with Non-Motorist:Pedestrian,Level,At Intersection,Not Applicable,Daylight,Dry,Clear, , ,0,Straight,1.0, ,DR3447,S0018, , , ,1.0,1.0,1.0,0.0,0.0,0.0,0.0,0.0,0.0,0.0,0.0,1.0,1.0,0.0,0.0,0.0,Y,Motorvehicle; Scooter,Y, , , ,1.0,Going straight,Northwest,Unknown,Unknown,99.0, , , , ,Northeast,No contributing action,No apparent contributing factor,1.0,Y, ,1,Tuesday,17
438758,2024-008781,39.68220468,-105.0040789,2024-03-20,2026-04-19 17:43:00,DENVER,DENVER,DPD,2/443E, ,Pedestrian,Pedestrian,0,1,0,0,1.0,0,0,0,W JEWELL AVE,S NAVAJO ST,W JEWELL AVE & S NAVAJO ST,0.0,At the intersection, ,0.0, ,0,0,0,0.0, , ,On-roadway,W01,Collision with Non-Motorist:Pedestrian, , , ,Collision with Non-Motorist:Pedestrian,Uphill,At Intersection,Not Applicable,Daylight,Dry,Clear, , ,1,Straight,1.0, ,DR3447,NAVAJ, , , ,1.0,2.0,0.0,1.0,0.0,0.0,1.0,0.0,0.0,0.0,0.0,1.0,0.0,1.0,0.0,0.0,Y,Motorvehicle; Scooter,Y, , , ,1.0, , , , ,0.0,Going straight,West,No contributing action,No apparent contributing factor,South,Cross/enter at intersection,Looked/did not see,1.0,Y, ,1,Wednesday,17
439078,2024-008940,39.75446033,-104.95857026,2024-03-21,2026-04-19 15:39:00,DENVER,DENVER,DPD,2/ 233S,2,Pedestrian,Pedestrian,0,0,0,0,0.0,0,0,0,E 26TH AVE,N JOSEPHINE ST,E 26TH AVE & N JOSEPHINE ST,0.0,At the intersection, ,0.0, ,0,0,0,0.0, , ,On-roadway, ,Collision with Non-Motorist:Pedestrian, , , ,Collision with Non-Motorist:Pedestrian,Level,At Intersection,Not Applicable,Daylight,Dry,Clear, , ,0,Straight,2.0, ,DR3447,JOSEP, , , ,1.0,0.0,0.0,0.0,0.0,0.0,2.0,0.0,0.0,0.0,0.0,1.0,0.0,0.0,0.0,0.0,Y,Motorvehicle; Scooter,Y, , , ,1.0, , , , ,0.0,Going straight,East,No contributing action,No apparent contributing factor,East,Traveling along roadway with traffic (in or adjacent to travel lane),Unknown,1.0,Y, ,1,Thursday,15
439094,2024-008952,39.74000959,-104.98739044,2024-03-24,2026-04-19 04:00:00,DENVER,DENVER,DPD,3/652C, ,Pedestrian,Pedestrian,0,0,0,0,0.0,0,0,0, BROADWAY ST,W COLFAX AVE, BROADWAY ST & W COLFAX AVE,0.0,At the intersection, ,0.0, ,0,1,0,0.0, , ,On-roadway,W03,Collision with Non-Motorist:Pedestrian, , , ,Collision with Non-Motorist:Pedestrian,Level,At Intersection,Not Applicable,Dark-Lighted,Dry,Clear, ,40,0, ,2.0, ,DR3447, , , , ,1.0,0.0,0.0,0.0,0.0,0.0,3.0,0.0,0.0,0.0,0.0,1.0,0.0,0.0,0.0,0.0,Y,Motorvehicle; Scooter,Y, , , ,1.0, , , , ,0.0,Going straight,East,Unknown,No apparent contributing factor,North,"Failure to obey traffic signs, signals, or officer",Unknown,1.0,Y, ,1,Sunday,04
439691,2024-009201,39.7236699,-104.98748331,2024-03-24,2026-04-19 12:20:00,DENVER,DENVER,DPD,1/CRT52, ,Pedestrian,Pedestrian,0,1,0,0,1.0,0,0,0, BROADWAY ST,E 5TH AVE, BROADWAY ST & E 5TH AVE,170.0,Feet,S,0.0, ,0,0,0,0.0, , ,On-roadway, ,Collision with Non-Motorist:Pedestrian, , , ,Collision with Non-Motorist:Pedestrian,Level,Driveway Access Related,Not Applicable,Daylight,Dry,Cloudy, , ,0,Straight,1.0, ,DR3447,A0005, , , ,1.0,1.0,1.0,0.0,0.0,0.0,4.0,0.0,0.0,0.0,0.0,1.0,1.0,0.0,0.0,0.0,Y,Motorvehicle; Scooter,Y, , , ,1.0,Making left turn,South,Failed to yield row,Looked/did not see,30.0, , , , ,South,No contributing action,No apparent contributing factor,1.0,Y, ,1,Sunday,12
440332,2024-009532,39.73512794,-105.0052727,2024-03-28,2026-04-19 07:14:00,DENVER,DENVER,DPD,1-CRT40,2,Pedestrian,Pedestrian,0,1,0,0,1.0,0,0,0, OSAGE ST,W 12TH AVE, OSAGE ST & W 12TH AVE,60.0,Feet,S,0.0, ,0,0,0,0.0, , ,On-roadway, ,Collision with Non-Motorist:Pedestrian, , , ,Collision with Non-Motorist:Pedestrian,Level,Non-intersection,Not Applicable,Daylight,Dry,Clear, , ,0,Straight,1.0, ,DR3447,A0012, , , ,1.0,2.0,0.0,1.0,0.0,0.0,1.0,0.0,0.0,0.0,0.0,1.0,0.0,1.0,0.0,0.0,Y,Motorvehicle; Scooter,Y, , , ,1.0,Going straight,North,Unknown,Unknown,20.0, , , , ,North,No contributing action,No apparent contributing factor,1.0,Y, ,1,Thursday,07
440462,2024-009594,39.70942784,-105.02981784,2024-03-30,2026-04-19 15:16:00,DENVER,DENVER,DPD,2/432, ,Pedestrian,Pedestrian,0,1,0,0,0.0,0,0,0,W DAKOTA AVE,S IRVING ST,W DAKOTA AVE & S IRVING ST,0.0,At the intersection, ,0.0, ,0,0,0,0.0, , ,On-roadway,E01,Collision with Non-Motorist:Pedestrian, , , ,Collision with Non-Motorist:Pedestrian,Level,At Intersection,Not Applicable,Daylight,Dry, , , ,0,Straight,2.0, ,DR3447,IRVIN, , , ,1.0,3.0,0.0,0.0,1.0,0.0,1.0,0.0,0.0,0.0,0.0,1.0,0.0,0.0,1.0,0.0,Y,Motorvehicle; Scooter,Y, , , ,1.0, , , , ,0.0,Going straight,East,No contributing action,No apparent contributing factor,South,Failure to yield right-of-way,No apparent contributing factor,1.0,Y, ,1,Saturday,15
440725,2024-009721,39.74335937,-104.98737653,2024-02-21,2026-04-19 14:00:00,DENVER,DENVER,DPD,1/ 601A,1,Pedestrian,Pedestrian,0,1,0,0,1.0,0,0,0,E 17TH AVE,N BROADWAY,E 17TH AVE & N BROADWAY,0.0,At the intersection, ,0.0, ,0,0,0,0.0, , ,On-roadway,N01,Collision with Non-Motorist:Pedestrian, , , ,Collision with Non-Motorist:Pedestrian,Level,At Intersection,Not Applicable,Daylight,Dry,Clear, , ,0,Straight,1.0, ,DR3447,BROAD, , , ,1.0,2.0,0.0,1.0,0.0,0.0,1.0,0.0,0.0,0.0,0.0,1.0,0.0,1.0,0.0,0.0,Y,Motorvehicle; Scooter,Y, , , ,1.0, , , , ,0.0,Going straight,East,No contributing action,No apparent contributing factor,North,"Dart/dash; Failure to obey traffic signs, signals, or officer",Aggressive,1.0,Y, ,1,Wednesday,14
441255,2024-009984,39.75844239,-104.99714024,2024-03-28,2026-04-19 08:06:00,DENVER,DENVER,DPD,1-CRT23, ,Pedestrian,Pedestrian,0,1,0,0,1.0,0,0,0, HURON ST,W 29TH AVE, HURON ST & W 29TH AVE,0.0,At the intersection, ,0.0, ,0,0,0,0.0, , ,On-roadway,W01,Collision with Non-Motorist:Pedestrian, , , ,Collision with Non-Motorist:Pedestrian,Level,At Intersection,Not Applicable,Daylight,Dry,Clear, , ,0,Straight,1.0, ,DR3447,A0029, , , ,1.0,1.0,1.0,0.0,0.0,0.0,1.0,0.0,0.0,0.0,0.0,1.0,1.0,0.0,0.0,0.0,Y,Motorvehicle; Scooter,Y, , , ,1.0, , , , ,0.0,Stopped in traffic,West,No contributing action,No apparent contributing factor,South,Traveling on sidealk against traffic,Unknown,1.0,Y, ,1,Thursday,08
442532,2024-010886,39.77290604,-104.94982485,2024-03-12,2026-04-19 16:50:00,DENVER,DENVER,DPD,1/CRT24,1,Pedestrian,Pedestrian,0,1,0,0,1.0,0,0,0, STEELE ST,E 40TH AVE, STEELE ST & E 40TH AVE,0.0,At the intersection, ,0.0, ,0,0,0,0.0, , ,On-roadway,W01,Collision with Non-Motorist:Pedestrian, , , ,Collision with Non-Motorist:Pedestrian,Level,At Intersection,Not Applicable,Daylight,Dry,Clear, , ,0,Straight,1.0, ,DR3447,A0040, , , ,1.0,2.0,0.0,1.0,0.0,0.0,1.0,0.0,0.0,0.0,0.0,1.0,0.0,1.0,0.0,0.0,Y,Motorvehicle; Scooter,Y, , , ,1.0,Making right turn,South,Failed to yield row; Careless driving,Unknown,25.0, , , , ,West,No contributing action,No apparent contributing factor,1.0,Y, ,1,Tuesday,16
442887,2024-011089,39.74326515,-104.97989242,2024-04-04,2026-04-19 13:00:00,DENVER,DENVER,DPD,2/CRT37, ,Pedestrian,Pedestrian,0,1,0,0,1.0,0,0,0, PEARL ST,E 17TH AVE, PEARL ST & E 17TH AVE,0.0,At the intersection, ,0.0, ,0,0,0,0.0, , ,On-roadway,S01,Collision with Non-Motorist:Pedestrian, , , ,Collision with Non-Motorist:Pedestrian,Level,At Intersection,Not Applicable,Daylight,Dry,Clear, , ,0,Straight,1.0, ,DR3447,A0017, , , ,1.0,1.0,1.0,0.0,0.0,0.0,1.0,0.0,0.0,0.0,0.0,1.0,1.0,0.0,0.0,0.0,Y,Motorvehicle; Scooter,Y, , , ,1.0, , , , ,0.0,Going straight,South,No contributing action,No apparent contributing factor,South,Other,Other factor,1.0,Y, ,2,Thursday,13
443454,2024-011422,39.75305354,-104.98547663,2024-04-05,2026-04-19 07:49:00,DENVER,DENVER,DPD,Detail 1, ,Pedestrian,Pedestrian,0,1,0,0,2.0,0,0,0,CHAMPA ST,PARK AVE W,CHAMPA ST & PARK AVE W,0.0,At the intersection,S,0.0, ,0,0,0,0.0, , ,On-roadway,W02,Collision with Non-Motorist:Pedestrian,Collision with Non-Motorist:Pedestrian, , ,Collision with Non-Motorist:Pedestrian,Level,At Intersection,Not Applicable,Daylight,Dry,Clear, , ,3, ,1.0, ,DR3447,PARKA, , , ,1.0,3.0,0.0,0.0,1.0,0.0,1.0,0.0,0.0,0.0,0.0,2.0,0.0,0.0,1.0,0.0,Y,Motorvehicle; Scooter,Y, , , ,1.0, , , , ,0.0,Making right turn,Southwest,No contributing action,No apparent contributing factor,Southeast; Southeast,Other; Other,Other factor; Other factor,1.0,Y, ,2,Friday,07
443862,2024-011619,39.73286655,-104.89653236,2024-04-06,2026-04-19 15:28:00,DENVER,DENVER,DPD,2/242C, ,Pedestrian,Pedestrian,0,1,0,0,1.0,0,0,0,E 11TH AVE,N SPRUCE ST,E 11TH AVE & N SPRUCE ST,100.0,Feet,E,0.0, ,0,0,0,0.0, , ,On-roadway, ,Collision with Non-Motorist:Pedestrian, , , ,Collision with Non-Motorist:Pedestrian,Level,Driveway Access Related,Not Applicable,Daylight,Dry,Clear, , ,0,Straight,1.0, ,DR3447,SPRUC, , , ,1.0,2.0,0.0,1.0,0.0,0.0,1.0,0.0,0.0,0.0,0.0,1.0,0.0,1.0,0.0,0.0,Y,Motorvehicle; Scooter,Y, , , ,1.0,Entering traffic way/merge,South,Failed to yield row,Not observed,30.0, , , , ,West,Traveling along roadway with traffic (in or adjacent to travel lane),No apparent contributing factor,1.0,Y, ,2,Saturday,15
443929,2024-011660,39.71569813,-104.98994863,2024-04-08,2026-04-19 16:50:00,DENVER,DENVER,DPD,2/332A, ,Pedestrian,Pedestrian,0,0,0,0,0.0,0,0,0, BANNOCK ST,W ARCHER PL, BANNOCK ST & W ARCHER PL,0.0,At the intersection, ,0.0, ,0,0,0,0.0, , ,On-roadway,S01,Collision with Non-Motorist:Pedestrian, , , ,Collision with Non-Motorist:Pedestrian,Level,At Intersection,Not Applicable,Daylight,Dry,Clear, , ,1,Straight,1.0, ,DR3447,ARCHE, , , ,1.0,0.0,0.0,0.0,0.0,0.0,1.0,0.0,0.0,0.0,0.0,1.0,0.0,0.0,0.0,0.0,Y,Motorvehicle; Scooter,Y, , , ,1.0, , , , ,0.0,Going straight,South,No contributing action,No apparent contributing factor,East,"Failure to obey traffic signs, signals, or officer",Unknown,1.0,Y, ,2,Monday,16