id,drcog_id,latitude,longitude,crashdate,crashtime,city,countyname,agencyid,agencydetl,agencycode,crashtype,drcogctype,numbkilled,numbinjurd,privpropty,publicland,totlnmtrst,secndcrash,constrzone,schoolzone,onroad,rfintsctrd,drcoglocat,intofstdis,intfstdisu,intofstdir,milepoint,highwaynam,intsthghwy,statehwy,othrroadwy,mioffstdis,miofstdisu,mioffstdir,location,lnposition,harmevscd1,harmevscd2,harmevscd3,harmevscd4,harmevsmst,roadcntgrd,roaddescrp,apovrtktrn,lightngcon,rdconditin,weatherco1,weatherco2,highwaynum,numlnsblkd,rdcntrcurv,ttlvehicle,wildanimal,crashformv,city_street,rrcrossing,roadsurfac,roadcontur,drcog_hp,drcogsvrty,drcogttlpi,drcogttlmi,drcogttlsi,drcogttlk,drcogocc,drcogoccpi,drcogoccmi,drcogoccsi,drcogoccki,drcognm,drcognmpi,drcognmmi,drcognmsi,drcognmk,drcog_vru,drcogmodes,drcogsctr,drcogmoto,drcogped,drcogbike,drcogvehcl,TU1_vmov,TU1_dir,TU1_dacts,TU1_cfacts,TU1_rspeed,TUx_vmov,TUx_dir,TUx_dacts,TUx_cfacts,nm_dir,nm_actions,nm_cfacts,drcogcheck,cdot_flag,drcog_flag,Quarter,day_of_week,hour
444627,2024-011992,39.73686859,-104.99886255,2024-04-05,2026-04-19 14:56:00,DENVER,DENVER,DPD,2/143S,2,Pedestrian,Pedestrian,0,0,0,0,1.0,0,0,0,W 13TH AVE,N SANTA FE DR,W 13TH AVE & N SANTA FE DR,50.0,Feet,W,0.0, ,0,0,0,0.0, , ,On-roadway, ,Collision with Non-Motorist:Pedestrian, , , ,Collision with Non-Motorist:Pedestrian,Level,Crossover Related,Not Applicable,Daylight,Dry,Clear, , ,0,Straight,2.0, ,DR3447,SANTA, , , ,1.0,0.0,0.0,0.0,0.0,0.0,1.0,0.0,0.0,0.0,0.0,1.0,0.0,0.0,0.0,0.0,Y,Motorvehicle; Scooter,Y, , , ,1.0, , , , ,0.0,Stopped in traffic,North,No contributing action,No apparent contributing factor,West,Dart/dash; Traveling on sidealk against traffic,Other factor,1.0,Y, ,2,Friday,14
444681,2024-012020,39.75700562,-104.99953311,2024-04-08,2026-04-19 12:17:00,DENVER,DENVER,DPD,1-CRT64, ,Pedestrian,Pedestrian,0,1,0,1,1.0,0,0,0,CHESTNUT PL,19TH ST,CHESTNUT PL & 19TH ST,146.0,Feet,N,0.0, ,0,0,0,0.0, , ,On-roadway, ,Collision with Non-Motorist:Pedestrian, , , ,Collision with Non-Motorist:Pedestrian,Level,Driveway Access Related,Not Applicable,Daylight,Dry,Clear, , ,0,Straight,1.0, ,DR3447,S0019, , , ,1.0,3.0,0.0,0.0,1.0,0.0,1.0,0.0,0.0,0.0,0.0,1.0,0.0,0.0,1.0,0.0,Y,Motorvehicle; Scooter,Y, , , ,1.0, , , , ,0.0,Stopped in traffic,Northwest,No contributing action,No apparent contributing factor,Southwest,Traveling on sidealk against traffic,Distracted/cell phone,1.0,Y, ,2,Monday,12
445126,2024-012270,39.75268259,-104.99467139,2024-04-12,2026-04-19 23:03:00,DENVER,DENVER,DPD,6/652B, ,Pedestrian,Pedestrian,0,1,0,0,1.0,0,0,0,MARKET ST,19TH ST,MARKET ST & 19TH ST,0.0,Feet,E,0.0, ,0,0,0,0.0, , ,On-roadway,E02,Collision with Non-Motorist:Pedestrian, , , ,Collision with Non-Motorist:Pedestrian,Level,At Intersection,Not Applicable,Dark-Lighted,Dry,Clear, , ,1,Straight,1.0, ,DR3447,S0019, , , ,1.0,2.0,0.0,1.0,0.0,0.0,1.0,0.0,0.0,0.0,0.0,1.0,0.0,1.0,0.0,0.0,Y,Motorvehicle; Scooter,Y, , , ,1.0, , , , ,0.0,Going straight,Southeast,No contributing action,No apparent contributing factor,Southwest,"Failure to obey traffic signs, signals, or officer","Under the influence of alcohol/drugs; Distracted/other (food, objects, pets, etc)",1.0,Y, ,2,Friday,23
446667,2024-013142,39.71664606,-105.02498729,2024-04-16,2026-04-19 12:14:00,DENVER,DENVER,DPD,1/479A, ,Rear-end,Rear-end,0,0,0,0,0.0,0,0,0, FEDERAL BLVD,W ELLSWORTH AVE, FEDERAL BLVD & W ELLSWORTH AVE,0.0, , ,1.61, ,0,1,0,90.0,Feet,N,On-roadway, ,Collision with Motor Vehicle in Transport:Front to Rear,Collision with Non-Motorist:Pedestrian,Collision with Other Vehicle:Parked Motor Vehicle, ,Collision with Motor Vehicle in Transport:Front to Rear,Level,Non-intersection,Not Applicable,Daylight,Dry,Clear, ,88A,0,Straight,4.0, ,DR3447, , , , ,1.0,0.0,0.0,0.0,0.0,0.0,2.0,0.0,0.0,0.0,0.0,1.0,0.0,0.0,0.0,0.0,Y,Motorvehicle; Scooter,Y, , , ,3.0,Going straight,South,Followed too closely,Distracted/other exterior,35.0,Slowing; Parked,South; Southwest,No contributing action; Unknown,No apparent contributing factor; No apparent contributing factor,North,No contributing action,Unknown,1.0,Y, ,2,Tuesday,12
446669,2024-013144,39.7524999,-105.00282595,2024-04-17,2026-04-19 15:32:00,DENVER,DENVER,DPD,2    632A, ,Pedestrian,Pedestrian,0,1,0,0,1.0,0,0,0,1550 WEWATTA ST,DELGANY ST,1550 WEWATTA ST & DELGANY ST,100.0,Feet,S,0.0, ,0,0,0,0.0, , ,On-roadway,N02,Collision with Non-Motorist:Pedestrian, , , ,Collision with Non-Motorist:Pedestrian,Level,Driveway Access Related,Not Applicable,Daylight,Dry,Clear, , ,1,Curve Right,1.0, ,DR3447,DELGA, , , ,1.0,2.0,0.0,1.0,0.0,0.0,1.0,0.0,0.0,0.0,0.0,1.0,0.0,1.0,0.0,0.0,Y,Motorvehicle; Scooter,Y, , , ,1.0, , , , ,0.0,Other,West,No contributing action,Looked/did not see,South,Traveling on sidealk against traffic,Inexperience,1.0,Y, ,2,Wednesday,15
446680,2024-013152,39.78365275,-104.78868837,2024-04-15,2026-04-19 08:38:00,DENVER,DENVER,DPD,2/542A,1,Pedestrian,Pedestrian,0,0,0,0,0.0,0,0,0,E GREEN VALLEY RANCH BLVD,PENA BLVD,E GREEN VALLEY RANCH BLVD & PENA BLVD,500.0,Feet,E,0.0, ,0,0,0,0.0, , ,On-roadway, ,Collision with Non-Motorist:Pedestrian, , , ,Collision with Non-Motorist:Pedestrian,Level,Driveway Access Related,Not Applicable,Daylight,Dry,Clear, , ,0,Straight,2.0, ,DR3447,PENAB, , , ,1.0,0.0,0.0,0.0,0.0,0.0,1.0,0.0,0.0,0.0,0.0,1.0,0.0,0.0,0.0,0.0,Y,Motorvehicle; Scooter,Y, , , ,1.0,Going straight,South,Unknown,Unknown,99.0, , , , ,West,No contributing action,Unknown,1.0,Y, ,2,Monday,08
446706,2024-013173,39.70673557,-105.02753712,2024-04-11,2026-04-19 20:05:00,DENVER,DENVER,DPD,2/432C,1,Pedestrian,Pedestrian,0,1,0,0,1.0,0,0,0, HAZEL CT,W CUSTER PL, HAZEL CT & W CUSTER PL,0.0,Feet,S,0.0, ,0,0,0,0.0, , ,On-roadway, ,Collision with Non-Motorist:Pedestrian, , , ,Collision with Non-Motorist:Pedestrian,Downhill,At Intersection,Not Applicable,Dark-Unlighted,Dry,Clear, , ,0,Straight,1.0, ,DR3447,CUSTE, , , ,1.0,3.0,0.0,0.0,1.0,0.0,1.0,0.0,0.0,0.0,0.0,1.0,0.0,0.0,1.0,0.0,Y,Motorvehicle; Scooter,Y, , , ,1.0, , , , ,0.0,Going straight,West,Unknown,No apparent contributing factor,North,"Failure to obey traffic signs, signals, or officer",Age/ability,1.0,Y, ,2,Thursday,20
446765,2024-013205,39.75073909,-104.97456356,2024-04-13,2026-04-19 15:50:00,DENVER,DENVER,DPD,2 / 232B,1,Pedestrian,Pedestrian,0,1,0,0,1.0,0,0,0,23RD AVE,N OGDEN ST,23RD AVE & N OGDEN ST,0.0,At the intersection,S,0.0, ,0,0,0,0.0, , ,On-roadway,S01,Collision with Non-Motorist:Pedestrian, , , ,Collision with Non-Motorist:Pedestrian,Level,Crossover Related,Not Applicable,Daylight,Dry,Clear, , ,0,Straight,1.0, ,DR3447,OGDEN, , , ,1.0,1.0,1.0,0.0,0.0,0.0,1.0,0.0,0.0,0.0,0.0,1.0,1.0,0.0,0.0,0.0,Y,Motorvehicle; Scooter,Y, , , ,1.0, , , , ,0.0,Going straight,South,No contributing action,No apparent contributing factor,East,"In roadway improperly (standing, lying, working, playing)",Other factor,1.0,Y, ,2,Saturday,15
447200,2024-013463,39.74020406,-104.99890318,2024-03-29,2026-04-19 01:32:00,DENVER,DENVER,DPD,3 / 655S,1,Pedestrian,Pedestrian,0,0,0,0,0.0,0,0,0,W COLFAX AVE,N SPEER BLVD,W COLFAX AVE & N SPEER BLVD,2.0,Feet,E,297.85, ,0,1,0,0.85,Miles,E,On-roadway,E03,Collision with Non-Motorist:Pedestrian, , , ,Collision with Non-Motorist:Pedestrian,Level,At Intersection,Not Applicable,Dark-Lighted,Dry,Clear, ,40,5,Straight,2.0, ,DR3447, , , , ,1.0,0.0,0.0,0.0,0.0,0.0,1.0,0.0,0.0,0.0,0.0,1.0,0.0,0.0,0.0,0.0,Y,Motorvehicle; Scooter,Y, , , ,1.0, , , , ,0.0,Going straight,East,Unknown,Unknown,South,"Failure to obey traffic signs, signals, or officer","Distracted/other (food, objects, pets, etc)",1.0,Y, ,1,Friday,01
447238,2024-013486,39.75289491,-104.98741529,2024-04-13,2026-04-19 02:29:00,DENVER,DENVER,DPD,3 / 662B,1,Pedestrian,Pedestrian,0,1,0,0,1.0,0,0,0, BROADWAY ST,CURTIS ST, BROADWAY ST & CURTIS ST,0.0,At the intersection, ,0.0, ,0,0,0,0.0, , ,On-roadway,N03,Collision with Non-Motorist:Pedestrian, , , ,Collision with Non-Motorist:Pedestrian,Level,At Intersection,Not Applicable,Dark-Lighted,Dry,Clear, , ,2,Straight,1.0, ,DR3447,CURTI, , , ,1.0,3.0,0.0,0.0,1.0,0.0,1.0,0.0,0.0,0.0,0.0,1.0,0.0,0.0,1.0,0.0,Y,Motorvehicle; Scooter,Y, , , ,1.0,Going straight,North,Unknown,Unknown,99.0, , , , ,Unknown,Other,Other factor,1.0,Y, ,2,Saturday,02
448471,2024-014119,39.7611988,-104.90275282,2024-04-13,2026-04-19 10:20:00,DENVER,DENVER,DPD,1 / 223A,1,Pedestrian,Pedestrian,0,1,0,0,1.0,0,0,0, QUEBEC ST,E MLK BLVD, QUEBEC ST & E MLK BLVD,0.0,At the intersection, ,0.0, ,0,0,0,0.0, , ,On-roadway,E02,Collision with Non-Motorist:Pedestrian, , , ,Collision with Non-Motorist:Pedestrian,Level,At Intersection,Not Applicable,Daylight,Dry,Clear, , ,0,Straight,1.0, ,DR3447,MLKBL, , , ,1.0,3.0,0.0,0.0,1.0,0.0,1.0,0.0,0.0,0.0,0.0,1.0,0.0,0.0,1.0,0.0,Y,Motorvehicle; Scooter,Y, , , ,1.0, , , , ,0.0,Going straight,East,No contributing action,No apparent contributing factor,North,"Failure to obey traffic signs, signals, or officer",Aggressive,1.0,Y, ,2,Saturday,10
449386,2024-014574,39.75433662,-104.99427277,2024-04-18,2026-04-19 08:59:00,DENVER,DENVER,DPD,1 / 612A, ,Pedestrian,Pedestrian,0,1,0,0,1.0,0,0,0,20TH ST,BLAKE ST,20TH ST & BLAKE ST,0.0, , ,0.0, ,0,0,0,0.0, , ,On-roadway,E02,Collision with Non-Motorist:Pedestrian, , , ,Collision with Non-Motorist:Pedestrian,Level,At Intersection,Not Applicable,Daylight,Wet,Freezing Rain or Freezing Drizzle,Cloudy, ,1, ,1.0, ,DR3447,BLAKE, , , ,1.0,3.0,0.0,0.0,1.0,0.0,1.0,0.0,0.0,0.0,0.0,1.0,0.0,0.0,1.0,0.0,Y,Motorvehicle; Scooter,Y, , , ,1.0, , , , ,0.0,Going straight,Southeast,No contributing action,No apparent contributing factor,Southwest,Cross/enter at intersection,Aggressive,1.0,Y, ,2,Thursday,08
449409,2024-014587,39.71844888,-105.02502378,2024-04-26,2026-04-19 12:08:00,DENVER,DENVER,DPD,1/411B, ,Pedestrian,Pedestrian,0,1,0,0,1.0,0,0,0,W 1ST AVE,N FEDERAL BLVD,W 1ST AVE & N FEDERAL BLVD,0.0,At the intersection, ,1.0, ,0,1,0,0.25,Miles,S,On-roadway,N02,Collision with Non-Motorist:Pedestrian, , , ,Collision with Non-Motorist:Pedestrian,Level,At Intersection,Not Applicable,Daylight,Dry,Clear, ,88A,0,Straight,1.0, ,DR3447, , , , ,1.0,2.0,0.0,1.0,0.0,0.0,1.0,0.0,0.0,0.0,0.0,1.0,0.0,1.0,0.0,0.0,Y,Motorvehicle; Scooter,Y, , , ,1.0,Making left turn,East,Careless driving,Not observed,40.0, , , , ,North,Cross/enter at intersection; Traveling along roadway with traffic (in or adjacent to travel lane),No apparent contributing factor,1.0,Y, ,2,Friday,12
449655,2024-014725,39.74488763,-104.98741712,2024-04-27,2026-04-19 23:50:00,DENVER,DENVER,DPD,2/641B, ,Pedestrian,Pedestrian,0,1,0,0,1.0,0,0,0,E 18TH AVE,N BROADWAY ST,E 18TH AVE & N BROADWAY ST,0.0,At the intersection,E,0.0, ,0,0,0,0.0, , ,On-roadway,S01,Collision with Non-Motorist:Pedestrian, , , ,Collision with Non-Motorist:Pedestrian,Level,At Intersection,Not Applicable,Dark-Lighted,Wet,Rain, , ,1,Straight,1.0, ,DR3447,BROAD, , , ,1.0,1.0,1.0,0.0,0.0,0.0,1.0,0.0,0.0,0.0,0.0,1.0,1.0,0.0,0.0,0.0,Y,Motorvehicle; Scooter,Y, , , ,1.0,Making left turn,West,Failed to stop at signal,Looked/did not see,35.0, , , , ,North,Cross/enter at intersection,"Not visible (dark clothing, no lighting, etc)",1.0,Y, ,2,Saturday,23
450367,2024-015107,39.76574699,-104.9597471,2024-04-30,2026-04-19 15:14:00,DENVER,DENVER,DPD,2/233A, ,Pedestrian,Pedestrian,0,1,0,0,1.0,0,0,0,E 35TH AVE,N YORK ST,E 35TH AVE & N YORK ST,0.0,Feet,W,0.0, ,0,0,0,0.0, , ,On-roadway,S02,Collision with Non-Motorist:Pedestrian, , , ,Collision with Non-Motorist:Pedestrian,Level,At Intersection,Not Applicable,Daylight,Dry,Clear, , ,1,Straight,1.0, ,DR3447,YORKS, , , ,1.0,2.0,0.0,1.0,0.0,0.0,1.0,0.0,0.0,0.0,0.0,1.0,0.0,1.0,0.0,0.0,Y,Motorvehicle; Scooter,Y, , , ,1.0, , , , ,0.0,Going straight,South,No contributing action,No apparent contributing factor,West,"Failure to obey traffic signs, signals, or officer",Looked/did not see,1.0,Y, ,2,Tuesday,15
451116,2024-015494,39.74003412,-105.00210991,2024-05-02,2026-04-19 23:00:00,DENVER,DENVER,DPD,3 / 163A,2,Pedestrian,Pedestrian,0,1,0,0,1.0,0,0,0,W COLFAX AVE,N MARIPOSA ST,W COLFAX AVE & N MARIPOSA ST,200.0,Feet,E,297.6, ,0,1,0,200.0,Feet,E,Ran off left side,E03,Collision with Non-Motorist:Pedestrian, , , ,Collision with Non-Motorist:Pedestrian,Level,Non-intersection,Not Applicable,Dark-Lighted,Dry,Clear, ,40,1,Straight,1.0, ,DR3447, , , , ,1.0,2.0,0.0,1.0,0.0,0.0,1.0,0.0,0.0,0.0,0.0,1.0,0.0,1.0,0.0,0.0,Y,Motorvehicle; Scooter,Y, , , ,1.0, , , , ,0.0,Other,East,No contributing action,No apparent contributing factor,East,Traveling on sidewalk with traffic,"Not visible (dark clothing, no lighting, etc)",1.0,Y, ,2,Thursday,23
451366,2024-015649,39.73685719,-104.99412135,2024-05-02,2026-04-19 11:07:00,DENVER,DENVER,DPD,Detail 1,6,Pedestrian,Pedestrian,0,0,0,0,0.0,0,0,0,W 13TH AVE,N ELATI ST,W 13TH AVE & N ELATI ST,0.0,At the intersection,N,0.0, ,0,0,0,0.0, , ,On-roadway,WRS,Collision with Non-Motorist:Pedestrian, , , ,Collision with Non-Motorist:Pedestrian,Level,At Intersection,Not Applicable,Daylight,Dry,Clear, , ,0,Straight,2.0, ,DR3447,ELATI, , , ,1.0,0.0,0.0,0.0,0.0,0.0,1.0,0.0,0.0,0.0,0.0,1.0,0.0,0.0,0.0,0.0,Y,Motorvehicle; Scooter,Y, , , ,1.0,Making right turn,West,Careless driving,Unknown,30.0, , , , ,West,Cross/enter at intersection,Other factor,1.0,Y, ,2,Thursday,11
452390,2024-016130,39.75499479,-104.99514832,2024-04-07,2026-04-19 15:43:00,DENVER,DENVER,DPD,1/RK1, ,Pedestrian,Pedestrian,0,1,0,0,1.0,0,0,0,20TH ST,WAZEE ST,20TH ST & WAZEE ST,0.0,At the intersection, ,0.0, ,0,0,0,0.0, , ,On-roadway,N01,Collision with Non-Motorist:Pedestrian, , , ,Collision with Non-Motorist:Pedestrian,Downhill,At Intersection,Not Applicable,Daylight,Dry,Clear, , ,1,Straight,1.0, ,DR3447,WAZEE, , , ,1.0,1.0,1.0,0.0,0.0,0.0,1.0,0.0,0.0,0.0,0.0,1.0,1.0,0.0,0.0,0.0,Y,Motorvehicle; Scooter,Y, , , ,1.0, , , , ,0.0,Making left turn,Northeast,No contributing action,No apparent contributing factor,Northwest,"Failure to obey traffic signs, signals, or officer",No apparent contributing factor,1.0,Y, ,2,Sunday,15
452392,2024-016132,39.73847553,-105.00281981,2024-04-21,2026-04-19 00:46:00,DENVER,DENVER,DPD,3-163B,1,Pedestrian,Pedestrian,0,1,0,0,1.0,0,0,0,W 14TH AVE,N MARIPOSA ST,W 14TH AVE & N MARIPOSA ST,0.0,At the intersection, ,0.0, ,0,0,0,0.0, , ,On-roadway,S01,Collision with Non-Motorist:Pedestrian, , , ,Collision with Non-Motorist:Pedestrian,Level,At Intersection,Not Applicable,Dark-Lighted,Dry,Clear, , ,2,Straight,1.0, ,DR3447,MARIP, , , ,1.0,3.0,0.0,0.0,1.0,0.0,2.0,0.0,0.0,0.0,0.0,1.0,0.0,0.0,1.0,0.0,Y,Motorvehicle; Scooter,Y, , , ,1.0, , , , ,0.0,Going straight,South,Careless driving,Looked/did not see,West,"Failure to obey traffic signs, signals, or officer; Improper turn/merge",No apparent contributing factor,1.0,Y, ,2,Sunday,00
452395,2024-016134,39.74375981,-104.94078372,2024-05-03,2026-04-19 11:35:00,DENVER,DENVER,DPD,1/CRT-53, ,Pedestrian,Pedestrian,0,1,0,0,1.0,0,0,0,E 17TH AVE,N COLORADO BLVD,E 17TH AVE & N COLORADO BLVD,0.0,At the intersection, ,6.0, ,0,1,0,0.25,Miles,N,On-roadway, ,Collision with Non-Motorist:Pedestrian, , , ,Collision with Non-Motorist:Pedestrian,Downhill,At Intersection,Not Applicable,Daylight,Dry,Clear, ,002A,0,Straight,1.0, ,DR3447, , , , ,1.0,1.0,1.0,0.0,0.0,0.0,1.0,0.0,0.0,0.0,0.0,1.0,1.0,0.0,0.0,0.0,Y,Motorvehicle; Scooter,Y, , , ,1.0, , , , ,0.0,Making left turn,West,Other contributing action,Not observed,South,Cross/enter at intersection,No apparent contributing factor,1.0,Y, ,2,Friday,11
453238,2024-016596,39.69566304,-104.90350854,2024-05-10,2026-04-19 19:38:00,DENVER,DENVER,DPD,02/341, ,Pedestrian,Pedestrian,0,1,0,0,1.0,0,0,0, QUEBEC WY,E MISSISSIPPI AVE, QUEBEC WY & E MISSISSIPPI AVE,0.0,At the intersection,N,0.0, ,0,0,0,0.0, , ,On-roadway,N03,Collision with Non-Motorist:Pedestrian, , , ,Collision with Non-Motorist:Pedestrian,Level,At Intersection,Not Applicable,Dawn or Dusk,Dry,Clear, , ,1,Straight,1.0, ,DR3447,MISSI, , , ,1.0,2.0,0.0,1.0,0.0,0.0,1.0,0.0,0.0,0.0,0.0,1.0,0.0,1.0,0.0,0.0,Y,Motorvehicle; Scooter,Y, , , ,1.0,Making right turn,West,No contributing action,No apparent contributing factor,25.0, , , , ,Unknown,Cross/enter at intersection,No apparent contributing factor,1.0,Y, ,2,Friday,19
454229,2024-016945,39.74016038,-104.95298854,2024-05-09,2026-04-19 14:52:00,DENVER,DENVER,DPD,2-233S, ,Pedestrian,Pedestrian,0,0,0,0,0.0,0,0,0, FILLMORE ST,E COLFAX AVE, FILLMORE ST & E COLFAX AVE,0.0,At the intersection,N,0.0, ,0,1,0,0.0, , ,On-roadway,S01,Collision with Non-Motorist:Pedestrian, , , ,Collision with Non-Motorist:Pedestrian,Level,At Intersection,Not Applicable,Daylight,Dry,Clear, , ,0,Straight,2.0, ,DR3447, , , , ,1.0,0.0,0.0,0.0,0.0,0.0,1.0,0.0,0.0,0.0,0.0,1.0,0.0,0.0,0.0,0.0,Y,Motorvehicle; Scooter,Y, , , ,1.0,Making right turn,South,Careless driving,Unknown,20.0, , , , ,East,No contributing action,Unknown,1.0,Y, ,2,Thursday,14
455422,2024-017538,39.75698557,-104.96472392,2024-05-15,2026-04-19 12:04:00,DENVER,DENVER,DPD,1-CRT23,2,Pedestrian,Pedestrian,0,0,0,0,1.0,0,0,0,E 28TH AVE,N HIGH ST,E 28TH AVE & N HIGH ST,0.0,At the intersection, ,0.0, ,0,0,0,0.0, , ,On-roadway,E01,Collision with Non-Motorist:Pedestrian, , , ,Collision with Non-Motorist:Pedestrian,Level,At Intersection,Not Applicable,Daylight,Dry,Clear, , ,0,Straight,1.0, ,DR3447,HIGHS, , , ,1.0,0.0,0.0,0.0,0.0,0.0,1.0,0.0,0.0,0.0,0.0,1.0,0.0,0.0,0.0,0.0,Y,Motorvehicle; Scooter,Y, , , ,1.0,Going straight,South,Unknown,Unknown,99.0, , , , ,West,Other,Other factor,1.0,Y, ,2,Wednesday,12
455848,2024-017786,39.74167712,-104.9823321,2024-05-19,2026-04-19 16:33:00,DENVER,DENVER,DPD,Detail 2/6, ,Pedestrian,Pedestrian,0,0,0,0,0.0,0,0,0, LOGAN ST,E 16TH AVE, LOGAN ST & E 16TH AVE,0.0,At the intersection, ,0.0, ,0,0,0,0.0, , ,On-roadway,W01,Collision with Non-Motorist:Pedestrian, , , ,Collision with Non-Motorist:Pedestrian,Level,At Intersection,Not Applicable,Daylight,Dry,Clear, , ,1,Straight,2.0, ,DR3447,A0016, , , ,1.0,0.0,0.0,0.0,0.0,0.0,1.0,0.0,0.0,0.0,0.0,1.0,0.0,0.0,0.0,0.0,Y,Motorvehicle; Scooter,Y, , , ,1.0, , , , ,0.0,Going straight,North,No contributing action,No apparent contributing factor,East,"Failure to obey traffic signs, signals, or officer",Unknown,1.0,Y, ,2,Sunday,16
456819,2024-018248,39.72907843,-104.97876829,2024-05-21,2026-04-19 08:27:00,DENVER,DENVER,DPD,Detail 1, ,Pedestrian,Pedestrian,0,0,0,0,0.0,0,0,0, WASHINGTON ST,E 8TH AVE, WASHINGTON ST & E 8TH AVE,0.0,At the intersection,E,0.0, ,0,0,0,0.0, , ,On-roadway,E01,Collision with Non-Motorist:Pedestrian, , , ,Collision with Non-Motorist:Pedestrian,Level,At Intersection,Not Applicable,Daylight,Dry,Clear, , ,1,Straight,2.0, ,DR3447,A0008, , , ,1.0,0.0,0.0,0.0,0.0,0.0,1.0,0.0,0.0,0.0,0.0,1.0,0.0,0.0,0.0,0.0,Y,Motorvehicle; Scooter,Y, , , ,1.0,Going straight,East,No contributing action,No apparent contributing factor,30.0, , , , ,North,Other,Unknown,1.0,Y, ,2,Tuesday,08
456938,2024-018304,39.72931293,-105.01986632,2024-05-22,2026-04-19 08:08:00,DENVER,DENVER,DPD,1/CRT13, ,Pedestrian,Pedestrian,0,1,0,0,1.0,0,0,0,W 8TH AVE,N CANOSA CT,W 8TH AVE & N CANOSA CT,0.0,At the intersection, ,0.0, ,0,0,0,0.0, , ,On-roadway,N02,Collision with Non-Motorist:Pedestrian, , , ,Collision with Non-Motorist:Pedestrian,Level,At Intersection,Not Applicable,Daylight,Dry,Clear, , ,1,Straight,1.0, ,DR3447,CANOS, , , ,1.0,1.0,1.0,0.0,0.0,0.0,1.0,0.0,0.0,0.0,0.0,1.0,1.0,0.0,0.0,0.0,Y,Motorvehicle; Scooter,Y, , , ,1.0, , , , ,0.0,Making right turn,North,No contributing action,No apparent contributing factor,West,"Traveling on sidealk against traffic; Failure to obey traffic signs, signals, or officer",Other factor,1.0,Y, ,2,Wednesday,08
457121,2024-018430,39.7352616,-104.98740099,2024-05-16,2026-04-19 21:09:00,DENVER,DENVER,DPD,3/651F, ,Pedestrian,Pedestrian,0,1,0,0,1.0,0,0,0,E 12TH AVE,N BROADWAY ST,E 12TH AVE & N BROADWAY ST,0.0,At the intersection, ,0.0, ,0,0,0,0.0, , ,On-roadway,S02,Collision with Non-Motorist:Pedestrian, , , ,Collision with Non-Motorist:Pedestrian,Level,At Intersection,Not Applicable,Dark-Lighted,Dry,Clear, , ,2,Straight,1.0, ,DR3447,BROAD, , , ,1.0,3.0,0.0,0.0,1.0,0.0,1.0,0.0,0.0,0.0,0.0,1.0,0.0,0.0,1.0,0.0,Y,Motorvehicle; Scooter,Y, , , ,1.0, , , , ,0.0,Going straight,South,No contributing action,No apparent contributing factor,West,"Cross/enter at intersection; Failure to obey traffic signs, signals, or officer",Aggressive; Looked/did not see,1.0,Y, ,2,Thursday,21
457826,2024-018880,39.75593506,-104.99862569,2024-05-25,2026-04-19 21:40:00,DENVER,DENVER,DPD,3/652G, ,Pedestrian,Pedestrian,0,0,0,0,1.0,0,0,0,1949 WEWATTA ST,19TH ST,1949 WEWATTA ST & 19TH ST,50.0,Feet,N,0.0, ,0,0,0,0.0, , ,On-roadway, ,Collision with Non-Motorist:Pedestrian, , , ,Collision with Non-Motorist:Pedestrian,Level,Non-intersection,Not Applicable,Dark-Lighted,Dry,Clear, , ,0,Straight,1.0, ,DR3447,S0019, , , ,1.0,0.0,0.0,0.0,0.0,0.0,1.0,0.0,0.0,0.0,0.0,1.0,0.0,0.0,0.0,0.0,Y,Motorvehicle; Scooter,Y, , , ,1.0, , , , ,0.0,Stopped in traffic,Southeast,No contributing action,Not observed,Northeast,Other,Unfamiliar with area,1.0,Y, ,2,Saturday,21
458200,2024-019037,39.7400009,-104.97765827,2024-05-23,2026-04-19 16:18:00,DENVER,DENVER,DPD,2/643A,1,Pedestrian,Pedestrian,0,0,0,0,0.0,0,0,0,E COLFAX AVE,N CLARKSON ST,E COLFAX AVE & N CLARKSON ST,5.0,Feet,W,298.0, ,0,1,0,1.0,Miles,W,On-roadway,E02,Collision with Non-Motorist:Pedestrian, , , ,Collision with Non-Motorist:Pedestrian,Level,Intersection Related,Not Applicable,Daylight,Dry,Clear, ,70,1,Straight,2.0, ,DR3447, , , , ,1.0,0.0,0.0,0.0,0.0,0.0,1.0,0.0,0.0,0.0,0.0,1.0,0.0,0.0,0.0,0.0,Y,Motorvehicle; Scooter,Y, , , ,1.0,Going straight,East,Unknown,Unknown,99.0, , , , ,Unknown,No contributing action,Unknown,1.0,Y, ,2,Thursday,16
458251,2024-019062,39.73998684,-104.96346911,2024-05-25,2026-04-19 00:21:00,DENVER,DENVER,DPD,2/646S, ,Pedestrian,Pedestrian,0,0,0,0,0.0,0,0,0,E COLFAX AVE,N RACE ST,E COLFAX AVE & N RACE ST,0.0,At the intersection, ,298.02, ,0,1,0,0.0, , ,On-roadway,W02,Collision with Non-Motorist:Pedestrian,Collision with Object:Other non-Fixed Object, , ,Collision with Non-Motorist:Pedestrian,Level,At Intersection,Not Applicable,Dark-Lighted,Dry,Clear, ,40,1,Straight,2.0, ,DR3447, , , , ,1.0,0.0,0.0,0.0,0.0,0.0,1.0,0.0,0.0,0.0,0.0,1.0,0.0,0.0,0.0,0.0,Y,Motorvehicle; Scooter,Y, , , ,1.0, , , , ,0.0,Going straight,West,No contributing action,Not observed,Northwest,"Failure to obey traffic signs, signals, or officer",Inexperience,1.0,Y, ,2,Saturday,00