id,drcog_id,latitude,longitude,crashdate,crashtime,city,countyname,agencyid,agencydetl,agencycode,crashtype,drcogctype,numbkilled,numbinjurd,privpropty,publicland,totlnmtrst,secndcrash,constrzone,schoolzone,onroad,rfintsctrd,drcoglocat,intofstdis,intfstdisu,intofstdir,milepoint,highwaynam,intsthghwy,statehwy,othrroadwy,mioffstdis,miofstdisu,mioffstdir,location,lnposition,harmevscd1,harmevscd2,harmevscd3,harmevscd4,harmevsmst,roadcntgrd,roaddescrp,apovrtktrn,lightngcon,rdconditin,weatherco1,weatherco2,highwaynum,numlnsblkd,rdcntrcurv,ttlvehicle,wildanimal,crashformv,city_street,rrcrossing,roadsurfac,roadcontur,drcog_hp,drcogsvrty,drcogttlpi,drcogttlmi,drcogttlsi,drcogttlk,drcogocc,drcogoccpi,drcogoccmi,drcogoccsi,drcogoccki,drcognm,drcognmpi,drcognmmi,drcognmsi,drcognmk,drcog_vru,drcogmodes,drcogsctr,drcogmoto,drcogped,drcogbike,drcogvehcl,TU1_vmov,TU1_dir,TU1_dacts,TU1_cfacts,TU1_rspeed,TUx_vmov,TUx_dir,TUx_dacts,TUx_cfacts,nm_dir,nm_actions,nm_cfacts,drcogcheck,cdot_flag,drcog_flag,Quarter,day_of_week,hour
458544,2024-019230,39.74879058,-104.99444871,2024-05-28,2026-04-19 14:15:00,DENVER,DENVER,DPD,1-CRT64, ,Pedestrian,Pedestrian,0,1,0,0,1.0,0,0,0,ARAPAHOE ST,17TH ST,ARAPAHOE ST & 17TH ST,0.0,At the intersection, ,0.0, ,0,0,0,0.0, , ,On-roadway, ,Collision with Non-Motorist:Pedestrian, , , ,Collision with Non-Motorist:Pedestrian,Level,At Intersection,Not Applicable,Daylight,Dry,Clear, , ,0,Straight,1.0, ,DR3447,S0017, , , ,1.0,2.0,0.0,1.0,0.0,0.0,2.0,0.0,0.0,0.0,0.0,1.0,0.0,1.0,0.0,0.0,Y,Motorvehicle; Scooter,Y, , , ,1.0, , , , ,0.0,Going straight,Southwest,No contributing action,No apparent contributing factor,Northwest,"Failure to obey traffic signs, signals, or officer",No apparent contributing factor,1.0,Y, ,2,Tuesday,14
458550,2024-019235,39.75581334,-105.01393869,2024-05-12,2026-04-19 01:13:00,DENVER,DENVER,DPD,3-153S,1,Pedestrian,Pedestrian,0,1,0,0,1.0,0,0,0, SPEER BLVD,I-25 SB RAMPS, SPEER BLVD & I-25 SB RAMPS,0.0,At the intersection, ,0.0, ,0,0,0,0.0, , ,On-roadway,N03,Collision with Non-Motorist:Pedestrian, , , ,Collision with Non-Motorist:Pedestrian,Level,At Intersection,Not Applicable,Dark-Lighted,Wet,Cloudy, , ,2,Straight,1.0, ,DR3447,N, , , ,1.0,3.0,0.0,0.0,1.0,0.0,1.0,0.0,0.0,0.0,0.0,1.0,0.0,0.0,1.0,0.0,Y,Motorvehicle; Scooter,Y, , , ,1.0,Going straight,Northwest,Unknown,Unknown,99.0, , , , ,Northwest,Cross/enter at intersection,Looked/did not see; Under the influence of alcohol/drugs,1.0,Y, ,2,Sunday,01
458551,2024-019236,39.74653648,-105.00762231,2024-05-19,2026-04-19 21:28:00,DENVER,DENVER,DPD,2/143K,1,Pedestrian,Pedestrian,0,1,0,0,1.0,0,0,0,AURARIA PKWY,9TH ST,AURARIA PKWY & 9TH ST,0.0,At the intersection, ,0.0, ,0,0,0,0.0, , ,On-roadway,W02,Collision with Non-Motorist:Pedestrian, , , ,Collision with Non-Motorist:Pedestrian,Level,At Intersection,Not Applicable,Dark-Lighted,Dry,Clear, , ,3,Straight,1.0, ,DR3447,S0009, , , ,1.0,3.0,0.0,0.0,1.0,0.0,4.0,0.0,0.0,0.0,0.0,1.0,0.0,0.0,1.0,0.0,Y,Motorvehicle; Scooter,Y, , , ,1.0,Making u-turn,West,Reckless driving,Aggressive driving,30.0, , , , ,South,No contributing action,No apparent contributing factor,1.0,Y, ,2,Sunday,21
458778,2024-019347,39.78021279,-105.03694668,2024-05-29,2026-04-19 10:40:00,DENVER,DENVER,DPD,1/CRT13,2,Pedestrian,Pedestrian,0,1,0,0,1.0,0,0,0,W 46TH AVE,N NEWTON ST,W 46TH AVE & N NEWTON ST,0.0,At the intersection, ,0.0, ,0,0,0,0.0, , ,On-roadway, ,Collision with Non-Motorist:Pedestrian,Collision with Other Vehicle:Parked Motor Vehicle, , ,Collision with Non-Motorist:Pedestrian,Level,At Intersection,Not Applicable,Daylight,Dry,Cloudy, , ,0,Straight,1.0, ,DR3447,NEWTO, , , ,1.0,3.0,0.0,0.0,1.0,0.0,1.0,0.0,0.0,0.0,0.0,1.0,0.0,0.0,1.0,0.0,Y,Motorvehicle; Scooter,Y, , , ,1.0, , , , ,0.0,Parked,West,No contributing action,No apparent contributing factor,West,Other,Other factor,1.0,Y, ,2,Wednesday,10
463166,2024-020366,39.79133627,-104.88257936,2024-01-04,2026-04-19 15:45:00,DENVER,DENVER,DPD,2/542E,1,Pedestrian,Pedestrian,0,0,0,0,1.0,0,0,0,E PRAIRIE MEADOW DR,N CENTRAL PARK BLVD,E PRAIRIE MEADOW DR & N CENTRAL PARK BLVD,0.0,At the intersection,E,0.0, ,0,0,0,0.0, , ,On-roadway, ,Collision with Non-Motorist:Pedestrian, , , ,Collision with Non-Motorist:Pedestrian,Level,At Intersection,Not Applicable,Daylight,Dry,Clear, , ,0,Straight,1.0, ,DR3447,CENTR, , , ,1.0,0.0,0.0,0.0,0.0,0.0,1.0,0.0,0.0,0.0,0.0,1.0,0.0,0.0,0.0,0.0,Y,Motorvehicle; Scooter,Y, , , ,1.0, , , , ,0.0,Making right turn,West,No contributing action,No apparent contributing factor,South,Cross/enter at intersection,No apparent contributing factor,1.0,Y, ,1,Thursday,15
465870,2024-021562,39.74002184,-104.9848547,2024-01-08,2026-04-19 16:30:00,DENVER,DENVER,DPD,02/643D,1,Pedestrian,Pedestrian,0,1,0,0,1.0,0,0,0, SHERMAN ST,E COLFAX AVE, SHERMAN ST & E COLFAX AVE,0.0,At the intersection, ,297.3, ,0,1,0,1500.0,Feet,E,On-roadway,E03,Collision with Non-Motorist:Pedestrian, , , ,Collision with Non-Motorist:Pedestrian,Uphill,At Intersection,Not Applicable,Daylight,Dry,Clear, ,40,0,Straight,1.0, ,DR3447, , , , ,1.0,2.0,0.0,1.0,0.0,0.0,1.0,0.0,0.0,0.0,0.0,1.0,0.0,1.0,0.0,0.0,Y,Motorvehicle; Scooter,Y, , , ,1.0, , , , ,0.0,Going straight,East,Unknown,Unknown,North,"Failure to obey traffic signs, signals, or officer",No apparent contributing factor,1.0,Y, ,1,Monday,16
466083,2024-021660,39.76338988,-104.98781882,2024-01-24,2026-04-19 17:24:00,DENVER,DENVER,DPD,2/645S, ,Pedestrian,Pedestrian,0,1,0,0,1.0,0,0,0, BROADWAY,28TH ST, BROADWAY & 28TH ST,0.0,At the intersection, ,0.0, ,0,0,0,0.0, , ,On-roadway,S02,Collision with Non-Motorist:Pedestrian, , , ,Collision with Non-Motorist:Pedestrian,Level,Driveway Access Related,Not Applicable,Dark-Lighted,Dry,Clear, , ,1,Straight,1.0, ,DR3447,S0028, , , ,1.0,1.0,1.0,0.0,0.0,0.0,1.0,0.0,0.0,0.0,0.0,1.0,1.0,0.0,0.0,0.0,Y,Motorvehicle; Scooter,Y, , , ,1.0, , , , ,0.0,Making right turn,South,No contributing action,No apparent contributing factor,North,Failure to yield right-of-way,Looked/did not see,1.0,Y, ,1,Wednesday,17
466221,2024-021744,39.76746209,-104.90346726,2024-01-23,2026-04-19 10:39:00,DENVER,DENVER,DPD,1,1,Pedestrian,Pedestrian,0,1,0,0,1.0,0,0,0, QUEBEC ST,E 36TH AVE, QUEBEC ST & E 36TH AVE,100.0,Feet,N,0.0, ,0,0,0,0.0, , ,On-roadway,S04,Collision with Non-Motorist:Pedestrian, , , ,Collision with Non-Motorist:Pedestrian,Level,Non-intersection,Not Applicable,Daylight,Dry, , , ,0,Straight,1.0, ,DR3447,A0036, , , ,1.0,2.0,0.0,1.0,0.0,0.0,1.0,0.0,0.0,0.0,0.0,1.0,0.0,1.0,0.0,0.0,Y,Motorvehicle; Scooter,Y, , , ,1.0,Going straight,South,Unknown,Unknown,40.0, , , , ,North,Traveling along roadway against traffic (in or adjacent to travel lane),No apparent contributing factor,1.0,Y, ,1,Tuesday,10
467056,2024-022146,39.75926671,-104.99369237,2024-01-27,2026-04-19 21:22:00,DENVER,DENVER,DPD,3/652D,1,Pedestrian,Pedestrian,0,1,0,0,0.0,0,0,0,PARK AVE W,WEWATTA ST,PARK AVE W & WEWATTA ST,0.0,At the intersection, ,0.0, ,0,0,0,0.0, , ,On-roadway,W03,Collision with Non-Motorist:Pedestrian, , , ,Collision with Non-Motorist:Pedestrian,Level,At Intersection,Not Applicable,Dark-Lighted,Dry,Clear, , ,0,Straight,2.0, ,DR3447,WEWAT, , , ,1.0,2.0,0.0,1.0,0.0,0.0,1.0,0.0,1.0,0.0,0.0,1.0,0.0,0.0,0.0,0.0,Y,Motorvehicle; Scooter,Y, , , ,1.0, , , , ,0.0,Going straight,South,No contributing action,No apparent contributing factor,West,Other,No apparent contributing factor,1.0,Y, ,1,Saturday,21
468022,2024-022573,39.77668622,-105.0299415,2024-02-04,2026-04-19 16:00:00,DENVER,DENVER,DPD,1/CRT1, ,Pedestrian,Pedestrian,0,1,0,0,1.0,0,0,0,W 44TH AVE,IRVING ST,W 44TH AVE & IRVING ST,0.0,At the intersection, ,0.0, ,0,0,0,0.0, , ,On-roadway, ,Collision with Non-Motorist:Pedestrian, , , ,Collision with Non-Motorist:Pedestrian,Level,At Intersection,Not Applicable,Daylight,Dry,Clear, , ,0,Straight,1.0, ,DR3447,IRVIN, , , ,1.0,3.0,0.0,0.0,1.0,0.0,1.0,0.0,0.0,0.0,0.0,1.0,0.0,0.0,1.0,0.0,Y,Motorvehicle; Scooter,Y, , , ,1.0,Making left turn,West,Failed to yield row,Looked/did not see,20.0, , , , ,East,Traveling along roadway with traffic (in or adjacent to travel lane); Cross/enter at intersection,No apparent contributing factor,1.0,Y, ,1,Sunday,16
469147,2024-023054,39.65305579,-104.88478512,2024-03-05,2026-04-19 12:29:00,DENVER,DENVER,DPD,1/CRT35, ,Pedestrian,Pedestrian,0,1,0,0,1.0,0,0,0, YOSEMITE ST,E HAMPDEN AVE, YOSEMITE ST & E HAMPDEN AVE,0.0,At the intersection, ,2.0, ,0,1,0,0.0,At the milepoint, ,On-roadway,E02,Collision with Non-Motorist:Pedestrian, , , ,Collision with Non-Motorist:Pedestrian,Level,At Intersection,Not Applicable,Daylight,Dry,Cloudy, ,030A,1,Straight,1.0, ,DR3447, , , , ,1.0,1.0,1.0,0.0,0.0,0.0,1.0,0.0,0.0,0.0,0.0,1.0,1.0,0.0,0.0,0.0,Y,Motorvehicle; Scooter,Y, , , ,1.0,Making right turn,North,Failed to yield row,Looked/did not see,40.0, , , , ,South,No contributing action,No apparent contributing factor,1.0,Y, ,1,Tuesday,12
469963,2024-023376,39.75134091,-104.99292856,2024-03-22,2026-04-19 14:10:00,DENVER,DENVER,DPD,1/CRT-53, ,Pedestrian,Pedestrian,0,1,0,0,1.0,0,1,0,LAWRENCE ST,19TH ST,LAWRENCE ST & 19TH ST,0.0,At the intersection, ,0.0, ,0,0,0,0.0, , ,On-roadway, ,Collision with Non-Motorist:Pedestrian, , , ,Collision with Non-Motorist:Pedestrian,Level,At Intersection,Not Applicable,Daylight,Dry,Clear, , ,0,Straight,1.0, ,DR3447,S0019, , , ,1.0,2.0,0.0,1.0,0.0,0.0,1.0,0.0,0.0,0.0,0.0,1.0,0.0,1.0,0.0,0.0,Y,Motorvehicle; Scooter,Y, , , ,1.0, , , , ,0.0,Going straight,Southeast,No contributing action,Not observed,Southwest,Other,Other factor,1.0,Y, ,1,Friday,14
471014,2024-023766,39.74014227,-104.94507541,2024-04-25,2026-04-19 07:45:00,DENVER,DENVER,DPD,1-CRT23, ,Pedestrian,Pedestrian,0,0,0,0,2.0,0,0,0,E COLFAX AVE,N MONROE ST,E COLFAX AVE & N MONROE ST,0.0,At the intersection, ,300.3, ,0,1,0,0.0,At the milepoint, ,On-roadway,W02,Collision with Non-Motorist:Pedestrian,Collision with Non-Motorist:Pedestrian, , ,Collision with Non-Motorist:Pedestrian,Level,At Intersection,Not Applicable,Daylight,Dry,Clear, ,040C,0,Straight,1.0, ,DR3447, , , , ,1.0,0.0,0.0,0.0,0.0,0.0,3.0,0.0,0.0,0.0,0.0,2.0,0.0,0.0,0.0,0.0,Y,Motorvehicle; Scooter,Y, , , ,1.0,Making left turn,East,Failed to yield row,Not observed,30.0, , , , ,West; West,No contributing action; No contributing action,No apparent contributing factor; No apparent contributing factor,1.0,Y, ,2,Thursday,07
471472,2024-023936,39.74061153,-105.01689748,2024-05-05,2026-04-19 11:37:00,DENVER,DENVER,DPD,1-CRT64, ,Pedestrian,Pedestrian,0,1,0,0,1.0,0,0,0,WB ON RAMP FROM AURARIA PKWY,W COLFAX AVE,WB ON RAMP FROM AURARIA PKWY & W COLFAX AVE,0.0,At the intersection, ,296.0, ,0,1,0,1040.0,Feet,W,On-roadway, ,Collision with Non-Motorist:Pedestrian, , , ,Collision with Non-Motorist:Pedestrian,Level,Ramp,Not Applicable,Daylight,Dry,Clear, ,40,0,Curve Right,1.0, ,DR3447,D, , , ,1.0,3.0,0.0,0.0,1.0,0.0,2.0,0.0,0.0,0.0,0.0,1.0,0.0,0.0,1.0,0.0,Y,Motorvehicle; Scooter,Y, , , ,1.0,Going straight,Southwest,Failed to yield row,No apparent contributing factor,35.0, , , , ,Northwest,Cross/enter at intersection,No apparent contributing factor,1.0,Y, ,2,Sunday,11
472232,2024-024213,39.63815612,-104.89475215,2024-05-28,2026-04-19 15:49:00,DENVER,DENVER,DPD,02/344C,1,Pedestrian,Pedestrian,0,1,0,0,1.0,0,0,0, TAMARAC PKWY,E QUINCY AVE, TAMARAC PKWY & E QUINCY AVE,50.0,Feet,S,0.0, ,0,0,0,0.0, , ,On-roadway, ,Collision with Non-Motorist:Pedestrian, , , ,Collision with Non-Motorist:Pedestrian,Level,Driveway Access Related,Not Applicable,Daylight,Dry,Clear, , ,0,Straight,1.0, ,DR3447,QUINC, , , ,1.0,2.0,0.0,1.0,0.0,0.0,1.0,0.0,0.0,0.0,0.0,1.0,0.0,1.0,0.0,0.0,Y,Motorvehicle; Scooter,Y, , , ,1.0, , , , ,0.0,Going straight,Unknown,Careless driving,Unknown,South,No contributing action,No apparent contributing factor,1.0,Y, ,2,Tuesday,15
472428,2024-024332,39.74006182,-105.0048281,2024-05-21,2026-04-19 17:08:00,DENVER,DENVER,DPD,2/143B,1,Pedestrian,Pedestrian,0,1,0,0,2.0,0,0,0,W COLFAX AVE,N OSAGE ST,W COLFAX AVE & N OSAGE ST,100.0,Feet,E,297.5, ,0,1,0,100.0,Feet,W,On-roadway, ,Collision with Non-Motorist:Pedestrian,Collision with Non-Motorist:Pedestrian, , ,Collision with Non-Motorist:Pedestrian,Level,Driveway Access Related,Not Applicable,Daylight,Wet,Rain, ,40,0,Straight,1.0, ,DR3447, , , , ,1.0,1.0,1.0,0.0,0.0,0.0,1.0,0.0,0.0,0.0,0.0,2.0,1.0,0.0,0.0,0.0,Y,Motorvehicle; Scooter,Y, , , ,1.0,Entering/leaving parked position,North,Careless driving,Unknown,99.0, , , , ,West; West,Traveling on sidealk against traffic; No contributing action,No apparent contributing factor; Unknown,1.0,Y, ,2,Tuesday,17
472880,2024-024586,39.75101337,-104.9105077,2024-05-14,2026-04-19 18:13:00,DENVER,DENVER,DPD,2/242E, ,Pedestrian,Pedestrian,0,1,0,0,1.0,0,0,0, NIAGARA ST,E 23RD AVE, NIAGARA ST & E 23RD AVE,0.0, , ,0.0, ,0,0,0,0.0, , ,On-roadway,W01,Collision with Non-Motorist:Pedestrian, , , ,Collision with Non-Motorist:Pedestrian,Level,At Intersection,Not Applicable,Daylight,Dry,Clear, , ,1,Straight,1.0, ,DR3447,A0023, , , ,1.0,3.0,0.0,0.0,1.0,0.0,2.0,0.0,0.0,0.0,0.0,1.0,0.0,0.0,1.0,0.0,Y,Motorvehicle; Scooter,Y, , , ,1.0, , , , ,0.0,Going straight,West,No contributing action,No apparent contributing factor,South,"Failure to obey traffic signs, signals, or officer",No apparent contributing factor,1.0,Y, ,2,Tuesday,18
473642,2024-025070,39.74891383,-104.98739723,2024-06-06,2026-04-19 15:45:00,DENVER,DENVER,DPD,2/CRT61, ,Pedestrian,Pedestrian,0,1,0,0,1.0,0,0,0,CALIFORNIA ST,20TH ST,CALIFORNIA ST & 20TH ST,50.0,Feet,NW,0.0, ,0,0,0,0.0, , ,On-roadway, ,Collision with Non-Motorist:Pedestrian, , , ,Collision with Non-Motorist:Pedestrian,Level,At Intersection,Not Applicable,Daylight,Dry,Clear, , ,0,Straight,1.0, ,DR3447,S0020, , , ,1.0,1.0,1.0,0.0,0.0,0.0,1.0,0.0,0.0,0.0,0.0,1.0,1.0,0.0,0.0,0.0,Y,Motorvehicle; Scooter,Y, , , ,1.0, , , , ,0.0,Going straight,Northwest,No contributing action,No apparent contributing factor,North,Cross/enter not at intersection,Aggressive,1.0,Y, ,2,Thursday,15
473643,2024-025071,39.65177409,-105.05319874,2024-05-10,2026-04-19 14:07:00,DENVER,DENVER,DPD,2/443A, ,Pedestrian,Pedestrian,0,1,0,0,1.0,0,0,0,W HAMPDEN  FRTG,S SHERIDAN BLVD,W HAMPDEN  FRTG & S SHERIDAN BLVD,0.0,At the intersection, ,1.0, ,0,1,0,1.0,Miles,S,On-roadway,E04,Collision with Non-Motorist:Pedestrian, , , ,Collision with Non-Motorist:Pedestrian,Level,At Intersection,Not Applicable,Daylight,Dry,Clear, ,95,0,Straight,1.0, ,DR3447, , , , ,1.0,2.0,0.0,1.0,0.0,0.0,1.0,0.0,0.0,0.0,0.0,1.0,0.0,1.0,0.0,0.0,Y,Motorvehicle; Scooter,Y, , , ,1.0,Entering/leaving parked position,East,Failed to yield row,Looked/did not see,35.0, , , , ,North,Cross/enter at intersection,No apparent contributing factor,1.0,Y, ,2,Friday,14
474075,2024-025339,39.75232856,-104.99662952,2024-06-09,2026-04-19 01:10:00,DENVER,DENVER,DPD,6-663B, ,Pedestrian,Pedestrian,0,1,0,0,1.0,0,0,0,18TH ST,BLAKE ST,18TH ST & BLAKE ST,50.0,Feet,E,0.0, ,0,0,0,0.0, , ,On-roadway, ,Collision with Non-Motorist:Pedestrian, , , ,Collision with Non-Motorist:Pedestrian,Level,Crossover Related,Not Applicable,Dark-Lighted,Dry,Clear, , ,0,Straight,1.0, ,DR3447,BLAKE, , , ,1.0,1.0,1.0,0.0,0.0,0.0,1.0,0.0,0.0,0.0,0.0,1.0,1.0,0.0,0.0,0.0,Y,Motorvehicle; Scooter,Y, , , ,1.0, , , , ,0.0,Going straight,Northeast,No contributing action,No apparent contributing factor,Northwest,Traveling along roadway against traffic (in or adjacent to travel lane),No apparent contributing factor,1.0,Y, ,2,Sunday,01
474216,2024-025437,39.7321009,-105.00157967,2024-06-06,2026-04-19 20:31:00,DENVER,DENVER,DPD,2/143A, ,Pedestrian,Pedestrian,0,1,0,0,1.0,0,0,0,W 10TH AVE,N LIPAN ST,W 10TH AVE & N LIPAN ST,0.0,Feet,W,0.0, ,0,0,0,0.0, ,W,On-roadway,W01,Collision with Non-Motorist:Pedestrian, , , ,Collision with Non-Motorist:Pedestrian,Level,At Intersection,Not Applicable,Dark-Lighted,Dry,Clear, , ,0,Straight,2.0, ,DR3447,LIPAN, , , ,1.0,3.0,0.0,0.0,1.0,0.0,6.0,0.0,0.0,0.0,0.0,1.0,0.0,0.0,1.0,0.0,Y,Motorvehicle; Scooter,Y, , , ,1.0, , , , ,0.0,Going straight,West,No contributing action,No apparent contributing factor,North,"Failure to obey traffic signs, signals, or officer",No apparent contributing factor,1.0,Y, ,2,Thursday,20
537735,2024-026211,39.74358377,-104.99252063,2024-06-13,2026-04-19 21:30:00,DENVER,DENVER,DPD,6-661B,2,Pedestrian,Pedestrian,0,1,0,0,1.0,0,0,0,15TH ST,WELTON ST,15TH ST & WELTON ST,0.0,At the intersection, ,0.0, ,0,0,0,0.0, , ,On-roadway, ,Collision with Non-Motorist:Pedestrian, , , ,Collision with Non-Motorist:Pedestrian,Level,At Intersection,Not Applicable,Dark-Lighted,Dry, , , ,0,Straight,1.0, ,DR3447,WELTO, , , ,1.0,1.0,1.0,0.0,0.0,0.0,1.0,0.0,0.0,0.0,0.0,1.0,1.0,0.0,0.0,0.0,Y,Motorvehicle; Scooter,Y, , , ,1.0,Making left turn,Northwest,Careless driving,Unknown,25.0, , , , ,Northwest,Cross/enter at intersection,No apparent contributing factor,1.0,Y, ,2,Thursday,21
684583,2024-026320,39.67864969,-105.02363931,2024-05-26,2026-04-19 12:20:00,DENVER,DENVER,DPD,1/422E,1,Pedestrian,Pedestrian,0,1,0,0,2.0,0,0,0,W EVANS AVE,S FEDERAL BLVD,W EVANS AVE & S FEDERAL BLVD,400.0,Feet,E,0.0, ,0,0,0,0.0, , ,On-roadway,WRS,Collision with Non-Motorist:Pedestrian,Collision with Non-Motorist:Pedestrian, , ,Collision with Non-Motorist:Pedestrian,Uphill,Driveway Access Related,Not Applicable,Daylight,Dry,Clear, , ,0,Straight,1.0, ,DR3447,FEDER, , , ,1.0,1.0,1.0,0.0,0.0,0.0,1.0,0.0,0.0,0.0,0.0,2.0,1.0,0.0,0.0,0.0,Y,Motorvehicle; Scooter,Y, , , ,1.0,Going straight,South,Careless driving,Other factor,40.0, , , , ,East; East,No contributing action; No contributing action,No apparent contributing factor; No apparent contributing factor,1.0,Y, ,2,Sunday,12
684601,2024-026326,39.74439744,-105.02521335,2024-06-15,2026-04-19 23:45:00,DENVER,DENVER,DPD,3/152B,1,Pedestrian,Pedestrian,0,0,0,0,1.0,0,0,0,1720  FEDERAL BLVD,W 17TH AVE,1720  FEDERAL BLVD & W 17TH AVE,20.0,Feet,N,282.94, ,0,1,0,20.0,Feet,N,On-roadway,N02,Collision with Non-Motorist:Pedestrian, , , ,Collision with Non-Motorist:Pedestrian,Level,Driveway Access Related,Not Applicable,Dark-Lighted,Dry,Clear, ,88,1,Straight,1.0, ,DR3447, , , , ,1.0,0.0,0.0,0.0,0.0,0.0,1.0,0.0,0.0,0.0,0.0,1.0,0.0,0.0,0.0,0.0,Y,Motorvehicle; Scooter,Y, , , ,1.0, , , , ,0.0,Making right turn,West,Careless driving,Not observed,North,Traveling on sidewalk with traffic,Looked/did not see,1.0,Y, ,2,Saturday,23
684886,2024-026427,39.75365591,-104.99341874,2024-06-17,2026-04-19 18:30:00,DENVER,DENVER,DPD,2/RK1, ,Pedestrian,Pedestrian,0,0,0,0,0.0,0,0,0,20TH ST,MARKET ST,20TH ST & MARKET ST,0.0,At the intersection, ,0.0, ,0,0,0,0.0, , ,On-roadway,W02,Collision with Non-Motorist:Pedestrian, , , ,Collision with Non-Motorist:Pedestrian,Level,At Intersection,Not Applicable,Daylight,Dry,Clear, , ,1,Straight,2.0, ,DR3447,MARKE, , , ,1.0,0.0,0.0,0.0,0.0,0.0,1.0,0.0,0.0,0.0,0.0,1.0,0.0,0.0,0.0,0.0,Y,Motorvehicle; Scooter,Y, , , ,1.0, , , , ,0.0,Making left turn,Northeast,No contributing action,No apparent contributing factor,Southwest,"Failure to obey traffic signs, signals, or officer",Unknown,1.0,Y, ,2,Monday,18
685440,2024-026779,39.71024318,-105.00626232,2024-06-21,2026-04-19 13:46:00,DENVER,DENVER,DPD,2/431A, ,Pedestrian,Pedestrian,0,1,0,0,1.0,0,0,0, PECOS ST,W NEVADA PL, PECOS ST & W NEVADA PL,5.0,Feet,E,0.0, ,0,0,0,0.0, , ,On-roadway,S01,Collision with Non-Motorist:Pedestrian, , , ,Collision with Non-Motorist:Pedestrian,Level,At Intersection,Not Applicable,Daylight,Dry,Cloudy, , ,0,Straight,1.0, ,DR3447,NEVAD, , , ,1.0,3.0,0.0,0.0,1.0,0.0,1.0,0.0,0.0,0.0,0.0,1.0,0.0,0.0,1.0,0.0,Y,Motorvehicle; Scooter,Y, , , ,1.0, , , , ,0.0,Going straight,South,No contributing action,No apparent contributing factor,East,"Failure to obey traffic signs, signals, or officer",No apparent contributing factor,1.0,Y, ,2,Friday,13
685672,2024-026902,39.74328695,-104.9810845,2024-06-21,2026-04-19 17:48:00,DENVER,DENVER,DPD,2 / 643B, ,Pedestrian,Pedestrian,0,1,0,0,1.0,0,0,0, PENNSYLVANIA ST,E 17TH AVE, PENNSYLVANIA ST & E 17TH AVE,5.0,Feet,NW,0.0, ,0,0,0,0.0, , ,On-roadway,E01,Collision with Non-Motorist:Pedestrian, , , ,Collision with Non-Motorist:Pedestrian,Level,At Intersection,Not Applicable,Daylight,Dry,Clear, , ,0,Straight,1.0, ,DR3447,A0017, , , ,1.0,2.0,0.0,1.0,0.0,0.0,1.0,0.0,0.0,0.0,0.0,1.0,0.0,1.0,0.0,0.0,Y,Motorvehicle; Scooter,Y, , , ,1.0, , , , ,0.0,Going straight,East,No contributing action,No apparent contributing factor,South,"Failure to obey traffic signs, signals, or officer",Looked/did not see; Aggressive,1.0,Y, ,2,Friday,17
929562,2024-027056,39.70202231,-104.97927033,2024-06-20,2026-04-19 16:43:00,DENVER,DENVER,DPD,2/333A, ,Pedestrian,Pedestrian,0,0,0,0,1.0,0,0,0,E OHIO AVE,S WASHINGTON ST,E OHIO AVE & S WASHINGTON ST,0.0, , ,0.0, ,0,0,0,0.0, , ,On-roadway, ,Collision with Non-Motorist:Pedestrian, , , ,Collision with Non-Motorist:Pedestrian,Downhill,At Intersection,Not Applicable,Daylight,Wet,Rain, , ,0,Straight,1.0, ,DR3447,WASHI, , , ,1.0,0.0,0.0,0.0,0.0,0.0,1.0,0.0,0.0,0.0,0.0,1.0,0.0,0.0,0.0,0.0,Y,Motorvehicle; Scooter,Y, , , ,1.0, , , , ,0.0,Going straight,South,No contributing action,No apparent contributing factor,West,"Failure to obey traffic signs, signals, or officer",Other factor,1.0,Y, ,2,Thursday,16
929587,2024-027069,39.64959041,-104.8848713,2024-06-23,2026-04-19 16:48:00,DENVER,DENVER,DPD,2-344a, ,Pedestrian,Pedestrian,0,0,0,0,1.0,0,0,0, YOSEMITE ST,E KENYON AVE, YOSEMITE ST & E KENYON AVE,0.0,At the intersection, ,0.0, ,0,0,0,0.0, , ,On-roadway,N03,Collision with Non-Motorist:Pedestrian, , , ,Collision with Non-Motorist:Pedestrian,Level,At Intersection,Not Applicable,Daylight,Dry,Clear, , ,0,Straight,1.0, ,DR3447,KENYO, , , ,1.0,0.0,0.0,0.0,0.0,0.0,1.0,0.0,0.0,0.0,0.0,1.0,0.0,0.0,0.0,0.0,Y,Motorvehicle; Scooter,Y, , , ,1.0,Making right turn,North,Failed to stop at signal,Looked/did not see,35.0, , , , ,East,No contributing action,No apparent contributing factor,1.0,Y, ,2,Sunday,16
929590,2024-027071,39.74167712,-104.98359003,2024-06-22,2026-04-19 01:14:00,DENVER,DENVER,DPD,2 / 631B, ,Pedestrian,Pedestrian,0,1,0,0,1.0,0,0,0,E 16TH AVE,N GRANT ST,E 16TH AVE & N GRANT ST,0.0,At the intersection, ,0.0, ,0,0,0,0.0, , ,On-roadway,S01,Collision with Non-Motorist:Pedestrian, , , ,Collision with Non-Motorist:Pedestrian,Level,At Intersection,Not Applicable,Dark-Lighted,Dry,Clear, , ,1,Straight,1.0, ,DR3447,GRANT, , , ,1.0,2.0,0.0,1.0,0.0,0.0,1.0,0.0,0.0,0.0,0.0,1.0,0.0,1.0,0.0,0.0,Y,Motorvehicle; Scooter,Y, , , ,1.0, , , , ,0.0,Making left turn,West,No contributing action,No apparent contributing factor,Unknown,Other,Other factor,1.0,Y, ,2,Saturday,01