id,drcog_id,latitude,longitude,crashdate,crashtime,city,countyname,agencyid,agencydetl,agencycode,crashtype,drcogctype,numbkilled,numbinjurd,privpropty,publicland,totlnmtrst,secndcrash,constrzone,schoolzone,onroad,rfintsctrd,drcoglocat,intofstdis,intfstdisu,intofstdir,milepoint,highwaynam,intsthghwy,statehwy,othrroadwy,mioffstdis,miofstdisu,mioffstdir,location,lnposition,harmevscd1,harmevscd2,harmevscd3,harmevscd4,harmevsmst,roadcntgrd,roaddescrp,apovrtktrn,lightngcon,rdconditin,weatherco1,weatherco2,highwaynum,numlnsblkd,rdcntrcurv,ttlvehicle,wildanimal,crashformv,city_street,rrcrossing,roadsurfac,roadcontur,drcog_hp,drcogsvrty,drcogttlpi,drcogttlmi,drcogttlsi,drcogttlk,drcogocc,drcogoccpi,drcogoccmi,drcogoccsi,drcogoccki,drcognm,drcognmpi,drcognmmi,drcognmsi,drcognmk,drcog_vru,drcogmodes,drcogsctr,drcogmoto,drcogped,drcogbike,drcogvehcl,TU1_vmov,TU1_dir,TU1_dacts,TU1_cfacts,TU1_rspeed,TUx_vmov,TUx_dir,TUx_dacts,TUx_cfacts,nm_dir,nm_actions,nm_cfacts,drcogcheck,cdot_flag,drcog_flag,Quarter,day_of_week,hour
929615,2024-027080,39.74007565,-104.94061254,2024-06-19,2026-04-19 19:28:00,DENVER,DENVER,DPD,2 / 222, ,Pedestrian,Pedestrian,0,1,0,0,1.0,0,0,0,E COLFAX AVE,N COLORADO BLVD,E COLFAX AVE & N COLORADO BLVD,0.0,At the intersection, ,6.0, ,0,1,0,0.1, ,S,On-roadway, ,Collision with Non-Motorist:Pedestrian, , , ,Collision with Non-Motorist:Pedestrian,Level,At Intersection,Not Applicable,Daylight,Dry,Clear, ,2,0,Straight,1.0, ,DR3447, , , , ,1.0,3.0,0.0,0.0,1.0,0.0,1.0,0.0,0.0,0.0,0.0,1.0,0.0,0.0,1.0,0.0,Y,Motorvehicle; Scooter,Y, , , ,1.0,Making right turn,West,Failed to yield row,Looked/did not see,35.0, , , , ,East,No contributing action,No apparent contributing factor,1.0,Y, ,2,Wednesday,19
930283,2024-027457,39.77309979,-104.9756035,2024-06-06,2026-04-19 17:24:00,DENVER,DENVER,DPD,2 / 233B,1,Pedestrian,Pedestrian,0,2,0,0,2.0,0,0,0,38TH ST,BRIGHTON BLVD,38TH ST & BRIGHTON BLVD,75.0,Feet,W,0.0, ,0,0,0,0.0, , ,On-roadway, ,Collision with Non-Motorist:Pedestrian,Collision with Non-Motorist:Pedestrian, , ,Collision with Non-Motorist:Pedestrian,Level,Crossover Related,Not Applicable,Daylight,Dry,Clear, , ,0,Straight,1.0, ,DR3447,BRIGH, , , ,1.0,2.0,0.0,2.0,0.0,0.0,0.0,0.0,0.0,0.0,0.0,2.0,0.0,2.0,0.0,0.0,Y,Motorvehicle; Scooter,Y, , , ,1.0,Making left turn,Northeast,Unknown,Unknown,99.0, , , , ,Unknown; Unknown,No contributing action; No contributing action,Unknown; No apparent contributing factor,1.0,Y, ,2,Thursday,17
930372,2024-027493,39.71114157,-105.01919643,2024-06-20,2026-04-19 18:40:00,DENVER,DENVER,DPD,2/431S, ,Pedestrian,Pedestrian,0,0,0,0,0.0,0,0,0,W ALAMEDA AVE,S CANOSA CT,W ALAMEDA AVE & S CANOSA CT,0.0,At the intersection,W,13.0, ,0,1,0,10.0,Feet,E,On-roadway,S01,Collision with Non-Motorist:Pedestrian, , , ,Collision with Non-Motorist:Pedestrian,Level,At Intersection,Not Applicable,Daylight,Dry,Clear, ,26,0,Straight,2.0, ,DR3447, , , , ,1.0,0.0,0.0,0.0,0.0,0.0,1.0,0.0,0.0,0.0,0.0,1.0,0.0,0.0,0.0,0.0,Y,Motorvehicle; Scooter,Y, , , ,1.0, , , , ,0.0,Stopped in traffic,South,No contributing action,No apparent contributing factor,East,Cross/enter at intersection,Unknown,1.0,,Y,2,Thursday,18
930596,2024-027593,39.75235946,-105.00754983,2024-06-25,2026-04-19 08:02:00,DENVER,DENVER,DPD,1-CRT23, ,Pedestrian,Pedestrian,0,1,0,0,1.0,0,0,0, SPEER BLVD,ELITCH CIR, SPEER BLVD & ELITCH CIR,0.0,At the intersection, ,0.0, ,0,0,0,0.0, , ,On-roadway,E02,Collision with Non-Motorist:Pedestrian, , , ,Collision with Non-Motorist:Pedestrian,Level,At Intersection,Not Applicable,Daylight,Dry,Clear, , ,1,Straight,1.0, ,DR3447,ELITC, , , ,1.0,1.0,1.0,0.0,0.0,0.0,1.0,0.0,0.0,0.0,0.0,1.0,1.0,0.0,0.0,0.0,Y,Motorvehicle; Scooter,Y, , , ,1.0, , , , ,0.0,Making right turn,East,No contributing action,No apparent contributing factor,North,Cross/enter at intersection,Other factor,1.0,Y, ,2,Tuesday,08
978540,2024-027809,39.76697676,-104.97334892,2024-06-26,2026-04-19 17:18:00,DENVER,DENVER,DPD,2-233S, ,Pedestrian,Pedestrian,0,0,0,0,1.0,0,0,0, DOWNING,E 36TH AVE, DOWNING & E 36TH AVE,0.0,At the intersection,S,0.0, ,0,0,0,0.0, , ,On-roadway,S01,Collision with Non-Motorist:Pedestrian, , , ,Collision with Non-Motorist:Pedestrian,Level,At Intersection,Not Applicable,Daylight,Dry,Clear, , ,0,Straight,1.0, ,DR3447,A0036, , , ,1.0,0.0,0.0,0.0,0.0,0.0,1.0,0.0,0.0,0.0,0.0,1.0,0.0,0.0,0.0,0.0,Y,Motorvehicle; Scooter,Y, , , ,1.0, , , , ,0.0,Going straight,South,No contributing action,No apparent contributing factor,West,Other,No apparent contributing factor,1.0,Y, ,2,Wednesday,17
978734,2024-027957,39.73690733,-105.01234628,2024-06-28,2026-04-19 00:34:00,DENVER,DENVER,DPD,3/153S, ,Pedestrian,Pedestrian,0,1,0,0,2.0,0,0,0,W 13TH AVE,N UMATILLA ST,W 13TH AVE & N UMATILLA ST,0.0,At the intersection,S,0.0, ,0,0,0,0.0, , ,On-roadway,S01,Collision with Non-Motorist:Pedestrian,Collision with Non-Motorist:Pedestrian, , ,Collision with Non-Motorist:Pedestrian,Level,At Intersection,Not Applicable,Dark-Lighted,Dry,Clear, , ,0,Straight,1.0, ,DR3447,UMATI, , , ,1.0,2.0,0.0,1.0,0.0,0.0,2.0,0.0,0.0,0.0,0.0,2.0,0.0,1.0,0.0,0.0,Y,Motorvehicle; Scooter,Y, , , ,1.0,Making right turn,East,No contributing action,Other factor,30.0, , , , ,East; East,Other; Other,Other factor; Other factor,1.0,Y, ,2,Friday,00
979124,2024-028122,39.74394983,-105.02547544,2024-06-28,2026-04-19 11:25:00,DENVER,DENVER,DPD,3-161D, ,Pedestrian,Pedestrian,0,1,0,0,1.0,0,0,0,W 17TH AVE,N FEDERAL BLVD,W 17TH AVE & N FEDERAL BLVD,50.0,Feet,W,0.0, ,0,0,0,0.0, , ,On-roadway,W01,Collision with Non-Motorist:Pedestrian,Collision with Other Vehicle:Parked Motor Vehicle, , ,Collision with Non-Motorist:Pedestrian,Level,Non-intersection,Not Applicable,Dark-Lighted,Dry,Clear, , ,1,Straight,1.0, ,DR3447,FEDER, , , ,1.0,2.0,0.0,1.0,0.0,0.0,1.0,0.0,0.0,0.0,0.0,1.0,0.0,1.0,0.0,0.0,Y,Motorvehicle; Scooter,Y, , , ,1.0, , , , ,0.0,Parked,West,No contributing action,No apparent contributing factor,West,Other,Other factor,1.0,Y, ,2,Friday,11
979468,2024-028284,39.77247101,-104.9405091,2024-06-30,2026-04-19 02:35:00,DENVER,DENVER,DPD,3/252A, ,Pedestrian,Pedestrian,0,1,0,0,1.0,0,0,0, COLORADO BLVD,E 40TH AVE, COLORADO BLVD & E 40TH AVE,150.0,Feet,S,8.0, ,0,1,0,0.0,At the milepoint, ,On-roadway,N01,Collision with Non-Motorist:Pedestrian, , , ,Collision with Non-Motorist:Pedestrian,Level,Non-intersection,Not Applicable,Dark-Lighted,Dry,Clear, ,2,1,Straight,1.0, ,DR3447, , , , ,1.0,3.0,0.0,0.0,1.0,0.0,1.0,0.0,0.0,0.0,0.0,1.0,0.0,0.0,1.0,0.0,Y,Motorvehicle; Scooter,Y, , , ,1.0, , , , ,0.0,Going straight,North,No contributing action,No apparent contributing factor,North,Other,Under the influence of alcohol/drugs,1.0,Y, ,2,Sunday,02
980441,2024-028998,39.73685861,-104.99293904,2024-06-24,2026-04-19 09:31:00,DENVER,DENVER,DPD,1 / 601A, ,Pedestrian,Pedestrian,0,1,0,0,1.0,0,0,0,W 13TH AVE,N DELAWARE ST,W 13TH AVE & N DELAWARE ST,0.0,At the intersection,E,0.0, ,0,0,0,0.0, , ,On-roadway, ,Collision with Non-Motorist:Pedestrian, , , ,Collision with Non-Motorist:Pedestrian,Level,At Intersection,Not Applicable,Daylight,Dry,Clear, , ,0,Straight,1.0, ,DR3447,DELAW, , , ,1.0,1.0,1.0,0.0,0.0,0.0,1.0,0.0,0.0,0.0,0.0,1.0,1.0,0.0,0.0,0.0,Y,Motorvehicle; Scooter,Y, , , ,1.0,Making right turn,West,Failed to yield row,Driver unfamiliar with area,25.0, , , , ,West,No contributing action,No apparent contributing factor,1.0,Y, ,2,Monday,09
980454,2024-029004,39.71479865,-104.99856551,2024-06-30,2026-04-19 13:22:00,DENVER,DENVER,DPD,1/314A, ,Pedestrian,Pedestrian,0,1,0,0,1.0,0,0,0,W BAYAUD AVE,S SANTA FE DR,W BAYAUD AVE & S SANTA FE DR,0.0,Feet,SW,210.0, ,0,1,0,0.5,Miles,N,On-roadway, ,Collision with Non-Motorist:Pedestrian, , , ,Collision with Non-Motorist:Pedestrian,Level,At Intersection,Not Applicable,Daylight,Dry,Clear, ,US 8,0,Straight,1.0, ,DR3447,SANTA, , , ,1.0,2.0,0.0,1.0,0.0,0.0,1.0,0.0,0.0,0.0,0.0,1.0,0.0,1.0,0.0,0.0,Y,Motorvehicle; Scooter,Y, , , ,1.0,Making left turn,East,Careless driving,Not observed,35.0, , , , ,South,Cross/enter at intersection,No apparent contributing factor,1.0,Y, ,2,Sunday,13
980836,2024-029230,39.75867379,-104.97822737,2024-07-04,2026-04-19 17:00:00,DENVER,DENVER,DPD,2/231S,1,Pedestrian,Pedestrian,0,1,0,0,1.0,0,0,0,29TH ST,CHAMPA ST,29TH ST & CHAMPA ST,0.0,At the intersection, ,0.0, ,0,0,0,0.0, , ,On-roadway, ,Collision with Non-Motorist:Pedestrian, , , ,Collision with Non-Motorist:Pedestrian,Level,At Intersection,Not Applicable,Daylight,Dry,Clear, , ,0,Straight,1.0, ,DR3447,CHAMP, , , ,1.0,2.0,0.0,1.0,0.0,0.0,0.0,0.0,0.0,0.0,0.0,1.0,0.0,1.0,0.0,0.0,Y,Motorvehicle; Scooter,Y, , , ,1.0,Making right turn,Southeast,Careless driving,Not observed,20.0, , , , ,Northeast,Cross/enter at intersection,Other factor,1.0,Y, ,3,Thursday,17
981447,2024-029599,39.75507828,-104.98810094,2024-07-06,2026-04-19 00:04:00,DENVER,DENVER,DPD,2/631B, ,Pedestrian,Pedestrian,0,1,0,0,1.0,0,0,0,PARK AVE W,LAWRENCE ST,PARK AVE W & LAWRENCE ST,0.0,At the intersection,N,0.0, ,0,0,0,0.0, , ,On-roadway,N01,Collision with Non-Motorist:Pedestrian, , , ,Collision with Non-Motorist:Pedestrian,Level,At Intersection,Not Applicable,Dark-Lighted,Dry,Clear, , ,1,Straight,1.0, ,DR3447,LAWRE, , , ,1.0,2.0,0.0,1.0,0.0,0.0,2.0,0.0,0.0,0.0,0.0,1.0,0.0,1.0,0.0,0.0,Y,Motorvehicle; Scooter,Y, , , ,1.0, , , , ,0.0,Going straight,Northeast,No contributing action,No apparent contributing factor,Southeast,Failure to yield right-of-way; Traveling along roadway against traffic (in or adjacent to travel lane),Looked/did not see,1.0,Y, ,3,Saturday,00
981948,2024-029906,39.73043583,-104.97758577,2024-07-07,2026-04-19 18:39:00,DENVER,DENVER,DPD,3/663G, ,Pedestrian,Pedestrian,0,1,0,0,1.0,0,0,0,E 9TH AVE,N CLARKSON ST,E 9TH AVE & N CLARKSON ST,0.0,At the intersection,N,0.0, ,0,0,0,0.0, , ,On-roadway,N01,Collision with Non-Motorist:Pedestrian, , , ,Collision with Non-Motorist:Pedestrian,Level,At Intersection,Not Applicable,Dark-Lighted,Dry,Clear, , ,0,Straight,1.0, ,DR3447,CLARK, , , ,1.0,1.0,1.0,0.0,0.0,0.0,2.0,0.0,0.0,0.0,0.0,1.0,1.0,0.0,0.0,0.0,Y,Motorvehicle; Scooter,Y, , , ,1.0, , , , ,0.0,Going straight,North,No contributing action,No apparent contributing factor,West,Failure to yield right-of-way,Other factor,1.0,Y, ,3,Sunday,18
982448,2024-030196,39.75443957,-105.00644263,2024-07-09,2026-04-19 13:45:00,DENVER,DENVER,DPD,Detail 1, ,Pedestrian,Pedestrian,0,1,0,0,1.0,0,0,0,LITTLE RAVEN ST,15TH ST,LITTLE RAVEN ST & 15TH ST,40.0,Feet,N,0.0, ,0,0,0,0.0, , ,On-roadway,S01,Collision with Non-Motorist:Pedestrian, , , ,Collision with Non-Motorist:Pedestrian,Level,Non-intersection,Not Applicable,Daylight,Dry,Clear, , ,1, ,1.0, ,DR3447,S0015, , , ,1.0,2.0,0.0,1.0,0.0,0.0,1.0,0.0,0.0,0.0,0.0,1.0,0.0,1.0,0.0,0.0,Y,Motorvehicle; Scooter,Y, , , ,1.0, , , , ,0.0,Going straight,Southwest,No contributing action,No apparent contributing factor,Northeast,Other,Other factor,1.0,Y, ,3,Tuesday,13
1110312,2024-030658,39.69249686,-105.05320907,2024-07-17,2026-04-19 14:39:00,DENVER,DENVER,DPD,1/479A, ,Pedestrian,Pedestrian,0,0,0,0,0.0,0,0,0, SHERIDAN BLVD,W WYOMING PL, SHERIDAN BLVD & W WYOMING PL,0.0, , ,2.72, ,0,1,0,0.0,At the milepoint, ,On-roadway,W01,Collision with Non-Motorist:Pedestrian, , , ,Collision with Non-Motorist:Pedestrian,Level,At Intersection,Not Applicable,Daylight,Dry,Clear, ,95A,1,Straight,2.0, ,DR3447, , , , ,1.0,0.0,0.0,0.0,0.0,0.0,1.0,0.0,0.0,0.0,0.0,1.0,0.0,0.0,0.0,0.0,Y,Motorvehicle; Scooter,Y, , , ,1.0, , , , ,0.0,Stopped in traffic,West,No contributing action,No apparent contributing factor,South,Cross/enter at intersection,Aggressive,1.0,,Y,3,Wednesday,14
1110390,2024-030725,39.73043823,-104.98258007,2024-06-21,2026-04-19 18:40:00,DENVER,DENVER,DPD,1 / 601A,1,Pedestrian,Pedestrian,0,1,0,0,1.0,0,0,0,E 9TH AVE,N LOGAN ST,E 9TH AVE & N LOGAN ST,50.0,Feet,W,0.0, ,0,0,0,0.0, , ,On-roadway, ,Collision with Non-Motorist:Pedestrian, , , ,Collision with Non-Motorist:Pedestrian,Level,Crossover Related,Not Applicable,Dawn or Dusk,Dry,Clear, , ,0,Straight,1.0, ,DR3447,LOGAN, , , ,1.0,1.0,1.0,0.0,0.0,0.0,1.0,0.0,0.0,0.0,0.0,1.0,1.0,0.0,0.0,0.0,Y,Motorvehicle; Scooter,Y, , , ,1.0,Going straight,South,Unknown,Unknown,99.0, , , , ,West,No contributing action,No apparent contributing factor,1.0,Y, ,2,Friday,18
1110410,2024-030734,39.74038176,-104.98738753,2024-07-13,2026-04-19 13:45:00,DENVER,DENVER,DPD,2 / CRT33,2,Pedestrian,Pedestrian,0,1,0,0,1.0,0,0,0, BROADWAY ST,E COLFAX AVE, BROADWAY ST & E COLFAX AVE,100.0,Feet,N,0.0, ,0,0,0,0.0, , ,On-roadway,N04,Collision with Non-Motorist:Pedestrian, , , ,Collision with Non-Motorist:Pedestrian,Level,Non-intersection,Not Applicable,Daylight,Dry,Clear, , ,1,Straight,1.0, ,DR3447,COLFA, , , ,1.0,2.0,0.0,1.0,0.0,0.0,1.0,0.0,0.0,0.0,0.0,1.0,0.0,1.0,0.0,0.0,Y,Motorvehicle; Scooter,Y, , , ,1.0,Going straight,North,Careless driving,Unknown,30.0, , , , ,North,No contributing action,No apparent contributing factor,1.0,Y, ,3,Saturday,13
1110700,2024-030907,39.72406727,-105.05309622,2024-07-19,2026-04-19 19:57:00,DENVER,DENVER,DPD,2/431A, ,Pedestrian,Pedestrian,0,1,0,0,1.0,0,0,0,W 5TH AVE,N SHERIDAN BLVD,W 5TH AVE & N SHERIDAN BLVD,10.0,Feet,E,5.0, ,0,1,0,0.25,Miles,S,On-roadway,N03,Collision with Non-Motorist:Pedestrian, , , ,Collision with Non-Motorist:Pedestrian,Level,At Intersection,Not Applicable,Dawn or Dusk,Dry,Cloudy, ,95,1,Straight,1.0, ,DR3447, , , , ,1.0,3.0,0.0,0.0,1.0,0.0,1.0,0.0,0.0,0.0,0.0,1.0,0.0,0.0,1.0,0.0,Y,Motorvehicle; Scooter,Y, , , ,1.0,Making right turn,West,Careless driving; Failed to yield row,Driver inexperience; Looked/did not see,25.0, , , , ,South,Cross/enter at intersection,No apparent contributing factor,1.0,Y, ,3,Friday,19
1111214,2024-031175,39.74291429,-104.99165337,2024-07-18,2026-04-19 00:37:00,DENVER,DENVER,DPD,6/655S, ,Pedestrian,Pedestrian,0,1,0,0,1.0,0,0,0,15TH ST,GLENARM PL,15TH ST & GLENARM PL,0.0, , ,0.0, ,0,0,0,0.0, , ,On-roadway,N01,Collision with Non-Motorist:Pedestrian, , , ,Collision with Non-Motorist:Pedestrian,Level,At Intersection,Not Applicable,Dark-Lighted,Dry,Clear, , ,0, ,1.0, ,DR3447,GLENA, , , ,1.0,2.0,0.0,1.0,0.0,0.0,1.0,0.0,0.0,0.0,0.0,1.0,0.0,1.0,0.0,0.0,Y,Motorvehicle; Scooter,Y, , , ,1.0,Making left turn,Northeast,Careless driving; Failed to yield row,Distracted/other interior,30.0, , , , ,Southwest,No contributing action,No apparent contributing factor,1.0,Y, ,3,Thursday,00
1111235,2024-031187,39.71803543,-104.95451685,2024-07-18,2026-04-19 15:32:00,DENVER,DENVER,DPD,02/332C, ,Pedestrian,Pedestrian,0,1,0,0,1.0,0,0,0,E 1ST AVE,N DETROIT ST,E 1ST AVE & N DETROIT ST,30.0,Feet,E,0.0, ,0,0,0,0.0, , ,On-roadway,E03,Collision with Non-Motorist:Pedestrian, , , ,Collision with Non-Motorist:Pedestrian,Level,Non-intersection,Not Applicable,Daylight,Dry,Clear, , ,1,Straight,1.0, ,DR3447,DETRO, , , ,1.0,2.0,0.0,1.0,0.0,0.0,1.0,0.0,0.0,0.0,0.0,1.0,0.0,1.0,0.0,0.0,Y,Motorvehicle; Scooter,Y, , , ,1.0,Going straight,East,Followed too closely,Looked/did not see,30.0, , , , ,East,No contributing action; Traveling along roadway with traffic (in or adjacent to travel lane),No apparent contributing factor,1.0,Y, ,3,Thursday,15
1215525,2024-031318,39.74020412,-104.99890923,2024-07-20,2026-04-19 14:42:00,DENVER,DENVER,DPD,D2/636S, ,Pedestrian,Pedestrian,0,1,0,0,1.0,0,0,0,W COLFAX AVE,N SPEER BLVD,W COLFAX AVE & N SPEER BLVD,0.0,At the intersection,E,0.0, ,0,1,0,0.0, , ,On-roadway,W03,Collision with Non-Motorist:Pedestrian, , , ,Collision with Non-Motorist:Pedestrian,Level,At Intersection,Not Applicable,Daylight,Dry,Clear, , ,1,Straight,1.0, ,DR3447, , , , ,1.0,1.0,1.0,0.0,0.0,0.0,0.0,0.0,0.0,0.0,0.0,1.0,1.0,0.0,0.0,0.0,Y,Motorvehicle; Scooter,Y, , , ,1.0, , , , ,0.0,Going straight,West,No contributing action,No apparent contributing factor,West,Traveling along roadway with traffic (in or adjacent to travel lane),Other factor,1.0,Y, ,3,Saturday,14
1215805,2024-031475,39.74027908,-105.02985863,2024-07-20,2026-04-19 02:50:00,DENVER,DENVER,DPD,3-161D,2,Pedestrian,Pedestrian,0,0,0,0,1.0,0,0,0, IRVING ST,W COLFAX AVE, IRVING ST & W COLFAX AVE,0.0,At the intersection, ,295.0, ,0,1,0,0.5,Miles,W,On-roadway,W02,Collision with Non-Motorist:Pedestrian, , , ,Collision with Non-Motorist:Pedestrian,Level,At Intersection,Not Applicable,Dark-Lighted,Dry,Clear, ,40,0,Straight,1.0, ,DR3447, , , , ,1.0,0.0,0.0,0.0,0.0,0.0,1.0,0.0,0.0,0.0,0.0,1.0,0.0,0.0,0.0,0.0,Y,Motorvehicle; Scooter,Y, , , ,1.0,Making right turn,South,Unknown,Unknown,99.0, , , , ,West,Other,No apparent contributing factor,1.0,Y, ,3,Saturday,02
1216443,2024-031875,39.71119525,-104.99714101,2024-07-25,2026-04-19 15:51:00,DENVER,DENVER,DPD,02/332C, ,Pedestrian,Pedestrian,0,0,0,0,0.0,0,0,0, SANTA FE DR,W ALAMEDA AVE, SANTA FE DR & W ALAMEDA AVE,0.0,At the intersection,W,0.0, ,0,0,0,0.0, , ,On-roadway,E02,Collision with Non-Motorist:Pedestrian, , , ,Collision with Non-Motorist:Pedestrian,Level,At Intersection,Not Applicable,Daylight,Dry,Clear, , ,0,Straight,2.0, ,DR3447,ALAME, , , ,1.0,0.0,0.0,0.0,0.0,0.0,1.0,0.0,0.0,0.0,0.0,1.0,0.0,0.0,0.0,0.0,Y,Motorvehicle; Scooter,Y, , , ,1.0, , , , ,0.0,Going straight,East,No contributing action,No apparent contributing factor,South,Cross/enter at intersection,Unknown,1.0,Y, ,3,Thursday,15
1217290,2024-032352,39.71121121,-104.99952193,2024-07-22,2026-04-19 21:25:00,DENVER,DENVER,DPD,3/351B,1,Pedestrian,Pedestrian,0,1,0,0,1.0,0,0,0,I-25 SB OFF RAMP,W ALAMEDA AVE,I-25 SB OFF RAMP & W ALAMEDA AVE,0.0,At the intersection,S,0.0, ,0,1,0,0.0, , ,On-roadway, ,Collision with Non-Motorist:Pedestrian, , , ,Collision with Non-Motorist:Pedestrian,Uphill,At Intersection,Not Applicable,Dark-Lighted,Dry,Clear, ,25,0,Straight,1.0, ,DR3447, , , , ,1.0,2.0,0.0,1.0,0.0,0.0,0.0,0.0,0.0,0.0,0.0,1.0,0.0,1.0,0.0,0.0,Y,Motorvehicle; Scooter,Y, , , ,1.0,Going straight,South,Unknown,Unknown,99.0, , , , ,East,No contributing action,Unknown,1.0,Y, ,3,Monday,21
1217801,2024-032650,39.66503998,-105.02514117,2024-07-08,2026-04-19 17:15:00,DENVER,DENVER,DPD,2/443B, ,Pedestrian,Pedestrian,0,1,0,0,1.0,0,0,0, FEDERAL BLVD,W AMHERST AVE, FEDERAL BLVD & W AMHERST AVE,50.0,Feet,S,5.0, ,0,1,0,200.0,Feet,S,On-roadway,S01,Collision with Non-Motorist:Pedestrian, , , ,Collision with Non-Motorist:Pedestrian,Level,At Intersection,Not Applicable,Daylight,Dry,Clear, ,88,2, ,1.0, ,DR3447, , , , ,1.0,3.0,0.0,0.0,1.0,0.0,1.0,0.0,0.0,0.0,0.0,1.0,0.0,0.0,1.0,0.0,Y,Motorvehicle; Scooter,Y, , , ,1.0,Going straight,South,No contributing action,No apparent contributing factor,40.0, , , , ,East,Failure to yield right-of-way,"Not visible (dark clothing, no lighting, etc)",1.0,Y, ,3,Monday,17
1217926,2024-032736,39.68568583,-104.94082479,2024-07-31,2026-04-19 22:25:00,DENVER,DENVER,DPD,3/356S, ,Pedestrian,Pedestrian,0,1,0,0,1.0,0,0,0, COLORADO BLVD,E MEXICO AVE, COLORADO BLVD & E MEXICO AVE,0.0,At the intersection, ,2.0, ,0,1,0,1000.0,Feet,N,On-roadway,S04,Collision with Non-Motorist:Pedestrian, , , ,Collision with Non-Motorist:Pedestrian,Level,At Intersection,Not Applicable,Dark-Lighted,Dry,Clear, ,2,0,Straight,1.0, ,DR3447, , , , ,1.0,2.0,0.0,1.0,0.0,0.0,1.0,0.0,0.0,0.0,0.0,1.0,0.0,1.0,0.0,0.0,Y,Motorvehicle; Scooter,Y, , , ,1.0,Going straight,South,No contributing action,No apparent contributing factor,35.0, , , , ,West,"Failure to obey traffic signs, signals, or officer",No apparent contributing factor,1.0,Y, ,3,Wednesday,22
1218123,2024-032876,39.73686645,-104.99164914,2024-07-31,2026-04-19 16:40:00,DENVER,DENVER,DPD,2/646S, ,Pedestrian,Pedestrian,0,1,0,0,1.0,0,0,0,W 13TH AVE,N CHEROKEE ST,W 13TH AVE & N CHEROKEE ST,3.0,Feet,N,0.0, ,0,0,0,0.0, , ,On-roadway,N02,Collision with Non-Motorist:Pedestrian, , , ,Collision with Non-Motorist:Pedestrian,Level,At Intersection,Not Applicable,Daylight,Dry,Clear, , ,1,Straight,1.0, ,DR3447,CHERO, , , ,1.0,2.0,0.0,1.0,0.0,0.0,1.0,0.0,0.0,0.0,0.0,1.0,0.0,1.0,0.0,0.0,Y,Motorvehicle; Scooter,Y, , , ,1.0,Making right turn,West,Failed to yield row,Looked/did not see,20.0, , , , ,West,Cross/enter at intersection,No apparent contributing factor,1.0,Y, ,3,Wednesday,16
1218161,2024-032898,39.7554915,-104.99104644,2024-05-03,2026-04-19 06:00:00,DENVER,DENVER,DPD,Detail 1,2,Pedestrian,Pedestrian,0,0,0,0,1.0,0,0,0,22ND ST,MARKET ST,22ND ST & MARKET ST,0.0,At the intersection,E,0.0, ,0,0,0,0.0, , ,On-roadway,E04,Collision with Non-Motorist:Pedestrian, , , ,Collision with Non-Motorist:Pedestrian,Level,At Intersection,Not Applicable,Dawn or Dusk,Dry,Clear, , ,0,Straight,1.0, ,DR3447,MARKE, , , ,1.0,0.0,0.0,0.0,0.0,0.0,1.0,0.0,0.0,0.0,0.0,1.0,0.0,0.0,0.0,0.0,Y,Motorvehicle; Scooter,Y, , , ,1.0, , , , ,0.0,Going straight,Southeast,No contributing action,Other factor,Northeast,"Failure to obey traffic signs, signals, or officer",No apparent contributing factor,1.0,Y, ,2,Friday,06
1218210,2024-032924,39.68025531,-104.95793127,2024-07-24,2026-04-19 11:34:00,DENVER,DENVER,DPD,1/379D,1,Pedestrian,Pedestrian,0,0,0,0,1.0,0,0,0, JOSEPHINE ST,E ASBURY AVE, JOSEPHINE ST & E ASBURY AVE,0.0,At the intersection, ,0.0, ,0,0,0,0.0, , ,On-roadway, ,Collision with Non-Motorist:Pedestrian, , , ,Collision with Non-Motorist:Pedestrian,Level,At Intersection,Not Applicable,Daylight,Dry,Clear, , ,0,Straight,1.0, ,DR3447,ASBUR, , , ,1.0,0.0,0.0,0.0,0.0,0.0,1.0,0.0,0.0,0.0,0.0,1.0,0.0,0.0,0.0,0.0,Y,Motorvehicle; Scooter,Y, , , ,1.0,Making u-turn,North,Improper turn,Looked/did not see,25.0, , , , ,West,No contributing action,Unknown,1.0,Y, ,3,Wednesday,11
1218356,2024-033016,39.73686387,-104.99647261,2024-07-13,2026-04-19 03:23:00,DENVER,DENVER,DPD,3/ 122,1,Pedestrian,Pedestrian,0,1,0,0,1.0,0,0,0, SPEER BLVD,W 13TH AVE, SPEER BLVD & W 13TH AVE,0.0,Feet,N,0.0, ,0,0,0,0.0, , ,On-roadway,S01,Collision with Non-Motorist:Pedestrian, , , ,Collision with Non-Motorist:Pedestrian,Level,At Intersection,Not Applicable,Dark-Lighted,Dry,Clear, , ,0,Straight,1.0, ,DR3447,A0013, , , ,1.0,2.0,0.0,1.0,0.0,0.0,1.0,0.0,0.0,0.0,0.0,1.0,0.0,1.0,0.0,0.0,Y,Motorvehicle; Scooter,Y, , , ,1.0, , , , ,0.0,Going straight,South,No contributing action,No apparent contributing factor,West,Cross/enter at intersection,Other factor,1.0,Y, ,3,Saturday,03