id,drcog_id,latitude,longitude,crashdate,crashtime,city,countyname,agencyid,agencydetl,agencycode,crashtype,drcogctype,numbkilled,numbinjurd,privpropty,publicland,totlnmtrst,secndcrash,constrzone,schoolzone,onroad,rfintsctrd,drcoglocat,intofstdis,intfstdisu,intofstdir,milepoint,highwaynam,intsthghwy,statehwy,othrroadwy,mioffstdis,miofstdisu,mioffstdir,location,lnposition,harmevscd1,harmevscd2,harmevscd3,harmevscd4,harmevsmst,roadcntgrd,roaddescrp,apovrtktrn,lightngcon,rdconditin,weatherco1,weatherco2,highwaynum,numlnsblkd,rdcntrcurv,ttlvehicle,wildanimal,crashformv,city_street,rrcrossing,roadsurfac,roadcontur,drcog_hp,drcogsvrty,drcogttlpi,drcogttlmi,drcogttlsi,drcogttlk,drcogocc,drcogoccpi,drcogoccmi,drcogoccsi,drcogoccki,drcognm,drcognmpi,drcognmmi,drcognmsi,drcognmk,drcog_vru,drcogmodes,drcogsctr,drcogmoto,drcogped,drcogbike,drcogvehcl,TU1_vmov,TU1_dir,TU1_dacts,TU1_cfacts,TU1_rspeed,TUx_vmov,TUx_dir,TUx_dacts,TUx_cfacts,nm_dir,nm_actions,nm_cfacts,drcogcheck,cdot_flag,drcog_flag,Quarter,day_of_week,hour
1218363,2024-033020,39.74752469,-104.98720219,2024-08-03,2026-04-19 02:00:00,DENVER,DENVER,DPD,2/601B, ,Pedestrian,Pedestrian,0,0,0,0,0.0,0,0,0,20TH AVE,WELTON ST,20TH AVE & WELTON ST,0.0, , ,0.0, ,0,0,0,0.0, , ,On-roadway,W03,Collision with Non-Motorist:Pedestrian, , , ,Collision with Non-Motorist:Pedestrian,Level,At Intersection,Not Applicable,Dark-Lighted,Dry,Clear, , ,0,Straight,2.0, ,DR3447,WELTO, , , ,1.0,0.0,0.0,0.0,0.0,0.0,1.0,0.0,0.0,0.0,0.0,1.0,0.0,0.0,0.0,0.0,Y,Motorvehicle; Scooter,Y, , , ,1.0, , , , ,0.0,Making right turn,West,No contributing action,No apparent contributing factor,West,Cross/enter at intersection,Unknown,1.0,Y, ,3,Saturday,02
1218394,2024-033038,39.74034324,-105.03337268,2024-08-01,2026-04-19 22:13:00,DENVER,DENVER,DPD,3/ 162F,2,Pedestrian,Pedestrian,0,0,0,0,2.0,0,0,0,W COLFAX AVE,N KING ST,W COLFAX AVE & N KING ST,15.0,Feet,N,295.6, ,0,1,0,15.0,Feet,SE,On-roadway,S01,Collision with Non-Motorist:Pedestrian,Collision with Non-Motorist:Pedestrian, , ,Collision with Non-Motorist:Pedestrian,Level,At Intersection,Not Applicable,Dark-Lighted,Dry,Clear, ,040C,0,Straight,1.0, ,DR3447, , , , ,1.0,0.0,0.0,0.0,0.0,0.0,1.0,0.0,0.0,0.0,0.0,2.0,0.0,0.0,0.0,0.0,Y,Motorvehicle; Scooter,Y, , , ,1.0,Making left turn,North,Careless driving,Unknown,25.0, , , , ,East; East,No contributing action; No contributing action,Looked/did not see; Looked/did not see,1.0,Y, ,3,Thursday,22
1218826,2024-033327,39.76633512,-104.97334391,2024-07-30,2026-04-19 09:00:00,DENVER,DENVER,DPD,1-CRT64,1,Pedestrian,Pedestrian,0,1,0,0,1.0,0,0,0, DOWNING ST,35TH ST, DOWNING ST & 35TH ST,100.0,Feet,N,0.0, ,0,0,0,0.0, , ,On-roadway, ,Collision with Non-Motorist:Pedestrian, , , ,Collision with Non-Motorist:Pedestrian,Level,Non-intersection,Not Applicable,Daylight,Dry,Clear, , ,0,Straight,1.0, ,DR3447,S0035, , , ,1.0,2.0,0.0,1.0,0.0,0.0,1.0,0.0,0.0,0.0,0.0,1.0,0.0,1.0,0.0,0.0,Y,Motorvehicle; Scooter,Y, , , ,1.0,Going straight,North,Unknown,Unknown,99.0, , , , ,North,Traveling along roadway with traffic (in or adjacent to travel lane),No apparent contributing factor,1.0,Y, ,3,Tuesday,09
1218879,2024-033350,39.74879055,-104.99444875,2024-07-12,2026-04-19 23:23:00,DENVER,DENVER,DPD,6/652B,1,Pedestrian,Pedestrian,0,1,0,0,1.0,0,0,0,17TH ST,ARAPAHOE ST,17TH ST & ARAPAHOE ST,0.0,Feet,E,0.0, ,0,0,0,0.0, , ,On-roadway,E01,Collision with Non-Motorist:Pedestrian, , , ,Collision with Non-Motorist:Pedestrian,Level,At Intersection,Not Applicable,Dark-Lighted,Dry,Clear, , ,0,Straight,1.0, ,DR3447,ARAPA, , , ,1.0,2.0,0.0,1.0,0.0,0.0,1.0,0.0,0.0,0.0,0.0,1.0,0.0,1.0,0.0,0.0,Y,Motorvehicle; Scooter,Y, , , ,1.0,Going straight,Southeast,Careless driving,Unknown,30.0, , , , ,Northeast,Cross/enter at intersection,No apparent contributing factor,1.0,Y, ,3,Friday,23
1219555,2024-033714,39.7113915,-104.98756896,2024-08-07,2026-04-19 15:09:00,DENVER,DENVER,DPD,2-331S, ,Pedestrian,Pedestrian,0,1,0,0,1.0,0,0,0, BROADWAY ST,ALAMEDA AVE, BROADWAY ST & ALAMEDA AVE,90.0,Feet,N,0.0, ,0,0,0,0.0, , ,On-roadway,S03,Collision with Non-Motorist:Pedestrian, , , ,Collision with Non-Motorist:Pedestrian,Level,Driveway Access Related,Not Applicable,Daylight,Dry,Clear, , ,0,Straight,1.0, ,DR3447,ALAME, , , ,1.0,2.0,0.0,1.0,0.0,0.0,1.0,0.0,0.0,0.0,0.0,1.0,0.0,1.0,0.0,0.0,Y,Motorvehicle; Scooter,Y, , , ,1.0, , , , ,0.0,Making left turn,South,Other contributing action,No apparent contributing factor,South,Other,Other factor,1.0,Y, ,3,Wednesday,15
1219664,2024-033781,39.72730178,-104.95902419,2024-08-06,2026-04-19 14:16:00,DENVER,DENVER,DPD,2 231A, ,Pedestrian,Pedestrian,0,1,0,0,1.0,0,0,0,E 7TH AVE PKWY,N JOSEPHINE ST,E 7TH AVE PKWY & N JOSEPHINE ST,0.0,At the intersection,N,0.0, ,0,0,0,0.0, , ,On-roadway,W01,Collision with Non-Motorist:Pedestrian, , , ,Collision with Non-Motorist:Pedestrian,Level,At Intersection,Not Applicable,Daylight,Dry,Clear, , ,1,Straight,1.0, ,DR3447,JOSEP, , , ,1.0,3.0,0.0,0.0,1.0,0.0,1.0,0.0,0.0,0.0,0.0,1.0,0.0,0.0,1.0,0.0,Y,Motorvehicle; Scooter,Y, , , ,1.0,Making right turn,West,Careless driving,Looked/did not see,25.0, , , , ,West,No contributing action,No apparent contributing factor,1.0,Y, ,3,Tuesday,14
1219686,2024-033793,39.73384875,-104.98613037,2024-08-06,2026-04-19 11:55:00,DENVER,DENVER,DPD,2/CRT61, ,Pedestrian,Pedestrian,0,1,0,0,1.0,0,0,0,E 11TH AVE,N LINCOLN ST,E 11TH AVE & N LINCOLN ST,0.0,At the intersection, ,0.0, ,0,0,0,0.0, , ,On-roadway, ,Collision with Non-Motorist:Pedestrian, , , ,Collision with Non-Motorist:Pedestrian,Level,At Intersection,Not Applicable,Daylight,Dry,Clear, , ,0,Straight,1.0, ,DR3447,LINCO, , , ,1.0,1.0,1.0,0.0,0.0,0.0,1.0,0.0,0.0,0.0,0.0,1.0,1.0,0.0,0.0,0.0,Y,Motorvehicle; Scooter,Y, , , ,1.0,Making left turn,East,Failed to yield row,Looked/did not see,35.0, , , , ,West,Cross/enter at intersection,No apparent contributing factor,1.0,Y, ,3,Tuesday,11
1219896,2024-033928,39.77288115,-104.94051078,2024-08-08,2026-04-19 19:22:00,DENVER,DENVER,DPD,2/ 233S, ,Pedestrian,Pedestrian,0,0,0,0,0.0,0,0,0,E 40TH AVE,N COLORADO BLVD,E 40TH AVE & N COLORADO BLVD,0.0,At the intersection,E,8.0, ,0,1,0,0.0,At the milepoint,E,On-roadway,W01,Collision with Non-Motorist:Pedestrian, , , ,Collision with Non-Motorist:Pedestrian,Level,At Intersection,Not Applicable,Dawn or Dusk,Dry,Clear, ,2,1,Straight,2.0, ,DR3447, , , , ,1.0,0.0,0.0,0.0,0.0,0.0,1.0,0.0,0.0,0.0,0.0,1.0,0.0,0.0,0.0,0.0,Y,Motorvehicle; Scooter,Y, , , ,1.0,Making right turn,West,No contributing action,No apparent contributing factor,30.0, , , , ,South,No contributing action,Unknown,1.0,Y, ,3,Thursday,19
1220193,2024-034106,39.75023737,-104.98739027,2024-08-07,2026-04-19 22:00:00,DENVER,DENVER,DPD,3/668S, ,Pedestrian,Pedestrian,0,1,0,0,2.0,0,0,0,BROADWAY ST,STOUT ST,BROADWAY ST & STOUT ST,0.0,At the intersection,E,0.0, ,0,0,0,0.0, , ,On-roadway,ERS,Collision with Non-Motorist:Pedestrian,Collision with Non-Motorist:Pedestrian, , ,Collision with Non-Motorist:Pedestrian,Level,At Intersection,Not Applicable,Dark-Lighted,Dry,Clear, , ,0,Curve Right,1.0, ,DR3447,STOUT, , , ,1.0,2.0,0.0,1.0,0.0,0.0,1.0,0.0,0.0,0.0,0.0,2.0,0.0,1.0,0.0,0.0,Y,Motorvehicle; Scooter,Y, , , ,1.0,Making right turn,East,Other contributing action,Not observed,30.0, , , , ,Unknown; Unknown,"No contributing action; Failure to obey traffic signs, signals, or officer; Other",No apparent contributing factor; Other factor,1.0,Y, ,3,Wednesday,22
1220837,2024-034479,39.73999895,-104.96608088,2024-08-09,2026-04-19 18:19:00,DENVER,DENVER,DPD,2/646S, ,Pedestrian,Pedestrian,0,1,0,0,1.0,0,0,0,E COLFAX AVE,N WILLIAMS ST,E COLFAX AVE & N WILLIAMS ST,25.0,Feet,W,0.0, ,0,1,0,0.0, , ,On-roadway, ,Collision with Non-Motorist:Pedestrian, , , ,Collision with Non-Motorist:Pedestrian,Level,Driveway Access Related,Not Applicable,Daylight,Dry,Clear, , ,0,Straight,1.0, ,DR3447, , , , ,1.0,2.0,0.0,1.0,0.0,0.0,1.0,0.0,0.0,0.0,0.0,1.0,0.0,1.0,0.0,0.0,Y,Motorvehicle; Scooter,Y, , , ,1.0, , , , ,0.0,Going straight,North,No contributing action,No apparent contributing factor,West,Failure to yield right-of-way,No apparent contributing factor,1.0,Y, ,3,Friday,18
1220909,2024-034523,39.6785113,-104.93451057,2024-08-08,2026-04-19 23:09:00,DENVER,DENVER,DPD,3/355S,1,Pedestrian,Pedestrian,0,1,0,0,1.0,0,0,0,I-25 SB OFF RAMP,E EVANS AVE,I-25 SB OFF RAMP & E EVANS AVE,0.0,At the intersection,E,203.0, ,0,1,0,10.0,Feet,S,On-roadway,E02,Collision with Non-Motorist:Pedestrian, , , ,Collision with Non-Motorist:Pedestrian,Level,At Intersection,Not Applicable,Dark-Lighted,Dry,Clear, ,25,0,Straight,1.0, ,DR3447,N, , , ,1.0,2.0,0.0,1.0,0.0,0.0,0.0,0.0,0.0,0.0,0.0,1.0,0.0,1.0,0.0,0.0,Y,Motorvehicle; Scooter,Y, , , ,1.0,Entering traffic way/merge,South,Disregarded other device/sign/markings,Not observed,35.0, , , , ,West,Cross/enter at intersection,No apparent contributing factor,1.0,Y, ,3,Thursday,23
1220914,2024-034525,39.74663276,-104.99381284,2024-08-02,2026-04-19 11:30:00,DENVER,DENVER,DPD,2/CRT61,1,Pedestrian,Pedestrian,0,1,0,0,1.0,0,0,0,CHAMPA ST,16TH ST,CHAMPA ST & 16TH ST,60.0,Feet,N,0.0, ,0,0,0,0.0, , ,On-roadway, ,Collision with Non-Motorist:Pedestrian,Collision with Object:Other non-Fixed Object, , ,Collision with Non-Motorist:Pedestrian,Level,Driveway Access Related,Not Applicable,Daylight,Dry,Clear, , ,0,Straight,2.0, ,DR3447,S0016, , , ,1.0,1.0,1.0,0.0,0.0,0.0,2.0,0.0,0.0,0.0,0.0,1.0,1.0,0.0,0.0,0.0,Y,Motorvehicle; Scooter,Y, , , ,2.0,Making right turn,Southeast,Careless driving,Aggressive driving,35.0,Going straight,Southwest,No contributing action,No apparent contributing factor,Southwest,No contributing action,No apparent contributing factor,1.0,Y, ,3,Friday,11
1221081,2024-034645,39.75134091,-104.99292856,2024-08-12,2026-04-19 10:20:00,DENVER,DENVER,DPD,1-CRT64, ,Pedestrian,Pedestrian,0,1,0,0,1.0,0,0,0,LAWRENCE ST,19TH ST,LAWRENCE ST & 19TH ST,0.0,At the intersection, ,0.0, ,0,0,0,0.0, , ,On-roadway, ,Collision with Non-Motorist:Pedestrian, , , ,Collision with Non-Motorist:Pedestrian,Level,At Intersection,Not Applicable,Daylight,Dry,Clear, , ,0,Straight,1.0, ,DR3447,19THS, , , ,1.0,3.0,0.0,0.0,1.0,0.0,2.0,0.0,0.0,0.0,0.0,1.0,0.0,0.0,1.0,0.0,Y,Motorvehicle; Scooter,Y, , , ,1.0, , , , ,0.0,Making right turn,Northeast,No contributing action,No apparent contributing factor,Southwest,"Failure to obey traffic signs, signals, or officer; Traveling along roadway against traffic (in or adjacent to travel lane)",No apparent contributing factor,1.0,Y, ,3,Monday,10
1221277,2024-034759,39.74198029,-104.99285852,2024-08-15,2026-04-19 14:49:00,DENVER,DENVER,DPD,2/631A, ,Pedestrian,Pedestrian,0,0,0,0,0.0,0,0,0,14TH ST,GLENARM,14TH ST & GLENARM,0.0,At the intersection, ,0.0, ,0,0,0,0.0, , ,On-roadway, ,Collision with Non-Motorist:Pedestrian, , , ,Collision with Non-Motorist:Pedestrian,Level,Crossover Related,Not Applicable,Daylight,Dry,Clear, , ,0,Straight,2.0, ,DR3447,GLENA, , , ,1.0,0.0,0.0,0.0,0.0,0.0,1.0,0.0,0.0,0.0,0.0,1.0,0.0,0.0,0.0,0.0,Y,Motorvehicle; Scooter,Y, , , ,1.0,Making right turn,Southeast,Improper turn,Looked/did not see,25.0, , , , ,Southeast,No contributing action,No apparent contributing factor,1.0,Y, ,3,Thursday,14
1221553,2024-034938,39.75198051,-105.0147427,2024-08-14,2026-04-19 16:29:00,DENVER,DENVER,DPD,2/143A, ,Pedestrian,Pedestrian,0,0,0,0,1.0,0,0,0,7TH ST,WATER ST,7TH ST & WATER ST,0.0,Feet,S,0.0, ,0,0,0,0.0, , ,On-roadway,W01,Collision with Non-Motorist:Pedestrian, , , ,Collision with Non-Motorist:Pedestrian,Level,At Intersection,Not Applicable,Daylight,Dry,Clear, , ,0,Straight,1.0, ,DR3447,WATER, , , ,1.0,0.0,0.0,0.0,0.0,0.0,4.0,0.0,0.0,0.0,0.0,1.0,0.0,0.0,0.0,0.0,Y,Motorvehicle; Scooter,Y, , , ,1.0,Making left turn,North,Failed to yield row,Looked/did not see,20.0, , , , ,East,Cross/enter at intersection,No apparent contributing factor,1.0,Y, ,3,Wednesday,16
1222000,2024-035169,39.74380484,-104.95477382,2024-08-15,2026-04-19 13:50:00,DENVER,DENVER,DPD,1, ,Pedestrian,Pedestrian,0,2,0,0,1.0,0,0,0, DETROIT ST,E 17TH AVE, DETROIT ST & E 17TH AVE,10.0,Feet,N,0.0, ,0,0,0,0.0, , ,On-roadway,E01,Collision with Non-Motorist:Pedestrian, , , ,Collision with Non-Motorist:Pedestrian,Level,At Intersection,Not Applicable,Daylight,Dry,Clear, , ,1,Straight,1.0, ,DR3447,A0017, , , ,1.0,2.0,0.0,2.0,0.0,0.0,1.0,0.0,1.0,0.0,0.0,1.0,0.0,1.0,0.0,0.0,Y,Motorvehicle; Scooter,Y, , , ,1.0,Making right turn,North,Disregard stop sign,No apparent contributing factor,30.0, , , , ,West,Cross/enter at intersection,No apparent contributing factor,1.0,Y, ,3,Thursday,13
1222704,2024-035629,39.72932072,-105.01398825,2024-08-16,2026-04-19 23:06:00,DENVER,DENVER,DPD,3-163B, ,Pedestrian,Pedestrian,0,0,0,0,2.0,0,0,0, WYANDOT ST,W 8TH AVE, WYANDOT ST & W 8TH AVE,0.0,At the intersection,N,0.0, ,1,0,0,0.0,At the milepoint,N,On-roadway,N01,Collision with Non-Motorist:Pedestrian,Collision with Non-Motorist:Pedestrian, , ,Collision with Non-Motorist:Pedestrian,Level,At Intersection,Not Applicable,Dark-Lighted,Dry,Clear, , ,1,Straight,1.0, ,DR3447,O, , , ,1.0,0.0,0.0,0.0,0.0,0.0,1.0,0.0,0.0,0.0,0.0,2.0,0.0,0.0,0.0,0.0,Y,Motorvehicle; Pedestrian; Scooter,Y, ,Y, ,1.0, , , , ,0.0,Going straight,North,No contributing action,Other factor; No apparent contributing factor,East; East,"Cross/enter at intersection; Failure to obey traffic signs, signals, or officer",Other factor; No apparent contributing factor,1.0,Y, ,3,Friday,23
1222992,2024-035759,39.62806135,-104.90691104,2024-08-21,2026-04-19 17:30:00,DENVER,DENVER,DPD,2/337S,1,Pedestrian,Pedestrian,0,2,0,0,2.0,0,0,0,E UNION AVE,S NEWPORT ST,E UNION AVE & S NEWPORT ST,0.0,At the intersection, ,0.0, ,0,0,0,0.0, , ,On-roadway,W01,Collision with Non-Motorist:Pedestrian,Collision with Non-Motorist:Pedestrian, , ,Collision with Non-Motorist:Pedestrian,Downhill,At Intersection,Not Applicable,Daylight,Dry,Cloudy, , ,0,Straight,1.0, ,DR3447,NEWPO, , , ,1.0,3.0,0.0,1.0,1.0,0.0,1.0,0.0,0.0,0.0,0.0,2.0,0.0,1.0,1.0,0.0,Y,Motorvehicle; Scooter,Y, , , ,1.0,Going straight,West,Unknown,Unknown,99.0, , , , ,North; North,Cross/enter at intersection; Cross/enter at intersection,Age/ability; Age/ability,1.0,Y, ,3,Wednesday,17
1223119,2024-035839,39.7765122,-105.00643418,2024-08-21,2026-04-19 16:37:00,DENVER,DENVER,DPD,2/131A, ,Pedestrian,Pedestrian,0,1,0,0,1.0,0,0,0, PECOS ST,W 44TH AVE, PECOS ST & W 44TH AVE,10.0,Feet,S,0.0, ,0,0,0,0.0, , ,On-roadway,N02,Collision with Non-Motorist:Pedestrian, , , ,Collision with Non-Motorist:Pedestrian,Level,At Intersection,Not Applicable,Daylight,Dry, , , ,0,Straight,1.0, ,DR3447,44THA, , , ,1.0,2.0,0.0,1.0,0.0,0.0,1.0,0.0,0.0,0.0,0.0,1.0,0.0,1.0,0.0,0.0,Y,Motorvehicle; Scooter,Y, , , ,1.0, , , , ,0.0,Going straight,North,No contributing action,No apparent contributing factor,East,Dart/dash,Unfamiliar with area,1.0,Y, ,3,Wednesday,16
1223495,2024-036023,39.7488,-104.99620082,2024-08-02,2026-04-19 08:13:00,DENVER,DENVER,DPD,1/611A,1,Pedestrian,Pedestrian,0,1,0,0,1.0,0,0,0,LAWRENCE ST,1600 BLK,1600 LAWRENCE ST,20.0,Feet,E,0.0, ,0,0,0,0.0, , ,On-roadway,N02,Collision with Non-Motorist:Pedestrian, , , ,Collision with Non-Motorist:Pedestrian,Level,Non-intersection,Not Applicable,Daylight,Dry,Clear, , ,0,Straight,1.0, ,DR3447,BLK, , , ,1.0,2.0,0.0,1.0,0.0,0.0,1.0,0.0,1.0,0.0,0.0,1.0,0.0,0.0,0.0,0.0,Y,Motorcycle; Scooter,Y,Y, , ,1.0, , , , ,0.0,Going straight,East,No contributing action,No apparent contributing factor,East,No contributing action,No apparent contributing factor,1.0,Y, ,3,Friday,08
1223602,2024-036092,39.7463827,-104.98890231,2024-08-23,2026-04-19 08:14:00,DENVER,DENVER,DPD,1-616S, ,Pedestrian,Pedestrian,0,0,0,0,0.0,0,0,0,18TH ST,WELTON ST,18TH ST & WELTON ST,0.0,At the intersection, ,0.0, ,0,0,0,0.0, , ,On-roadway,N01,Collision with Non-Motorist:Pedestrian, , , ,Collision with Non-Motorist:Pedestrian,Level,At Intersection,Not Applicable,Daylight,Dry,Clear, , ,0,Straight,2.0, ,DR3447,WELTO, , , ,1.0,0.0,0.0,0.0,0.0,0.0,1.0,0.0,0.0,0.0,0.0,1.0,0.0,0.0,0.0,0.0,Y,Motorvehicle; Scooter,Y, , , ,1.0, , , , ,0.0,Going straight,North,No contributing action,No apparent contributing factor,East,Other,Other factor,1.0,Y, ,3,Friday,08
1223686,2024-036140,39.75383684,-104.99617167,2024-06-28,2026-04-19 15:50:00,DENVER,DENVER,DPD,2 / Mall27,1,Pedestrian,Pedestrian,0,1,0,0,0.0,0,0,0,19TH ST,WAZEE ST,19TH ST & WAZEE ST,100.0,Feet,E,0.0, ,0,0,0,0.0, , ,On-roadway, ,Collision with Non-Motorist:Pedestrian, , , ,Collision with Non-Motorist:Pedestrian,Level,Driveway Access Related,Not Applicable,Daylight,Dry,Clear, , ,0,Straight,2.0, ,DR3447,WAZEE, , , ,1.0,2.0,0.0,1.0,0.0,0.0,1.0,0.0,0.0,0.0,0.0,1.0,0.0,1.0,0.0,0.0,Y,Motorvehicle; Scooter,Y, , , ,1.0,Going straight,North,Careless driving,Unknown,20.0, , , , ,East,No contributing action,No apparent contributing factor,1.0,Y, ,2,Friday,15
1223708,2024-036154,39.74870903,-104.99632029,2024-08-20,2026-04-19 18:24:00,DENVER,DENVER,DPD,2    632A, ,Pedestrian,Pedestrian,0,1,0,0,1.0,0,0,0,LAWRENCE ST,16TH ST,LAWRENCE ST & 16TH ST,100.0,Feet,N,0.0, ,0,0,0,0.0, , ,On-roadway, ,Collision with Non-Motorist:Pedestrian, , , ,Collision with Non-Motorist:Pedestrian,Level,Driveway Access Related,Not Applicable,Daylight,Dry,Clear, , ,0,Straight,1.0, ,DR3447,16THS, , , ,1.0,2.0,0.0,1.0,0.0,0.0,1.0,0.0,0.0,0.0,0.0,1.0,0.0,1.0,0.0,0.0,Y,Motorvehicle; Scooter,Y, , , ,1.0, , , , ,0.0,Going straight,Southwest,No contributing action,Looked/did not see,Southeast,Traveling on sidealk against traffic,Inexperience,1.0,Y, ,3,Tuesday,18
1224006,2024-036293,39.73112172,-105.03212732,2024-07-30,2026-04-19 13:00:00,DENVER,DENVER,DPD,1/CRT14, ,Pedestrian,Pedestrian,0,1,0,0,1.0,0,0,0, KNOX CT,W 9TH AVE, KNOX CT & W 9TH AVE,5.0,Feet,S,0.0, ,0,0,0,0.0, , ,On-roadway,N01,Collision with Non-Motorist:Pedestrian, , , ,Collision with Non-Motorist:Pedestrian,Downhill,Intersection Related,Not Applicable,Daylight,Dry,Clear, , ,0,Straight,1.0, ,DR3447,9THAV, , , ,1.0,3.0,0.0,0.0,1.0,0.0,2.0,0.0,0.0,0.0,0.0,1.0,0.0,0.0,1.0,0.0,Y,Motorvehicle; Scooter,Y, , , ,1.0,Going straight,North,No contributing action,No apparent contributing factor,30.0, , , , ,North,No contributing action,No apparent contributing factor,1.0,Y, ,3,Tuesday,13
1224023,2024-036300,39.79028913,-105.00642816,2024-08-22,2026-04-19 08:10:00,DENVER,DENVER,DPD,1 / 111C,2,Pedestrian,Pedestrian,0,0,0,0,1.0,0,0,0, PECOS ST,W BERKELEY PL, PECOS ST & W BERKELEY PL,0.0,At the intersection, ,0.0, ,0,0,0,0.0, , ,On-roadway, ,Collision with Non-Motorist:Pedestrian, , , ,Collision with Non-Motorist:Pedestrian,Level,At Intersection,Not Applicable,Daylight,Dry,Cloudy, , ,0,Straight,1.0, ,DR3447,BERKE, , , ,1.0,0.0,0.0,0.0,0.0,0.0,1.0,0.0,0.0,0.0,0.0,1.0,0.0,0.0,0.0,0.0,Y,Motorvehicle; Scooter,Y, , , ,1.0, , , , ,0.0,Making left turn,East,No contributing action,No apparent contributing factor,South,Traveling on sidealk against traffic,Other factor,1.0,Y, ,3,Thursday,08
1224039,2024-036302,39.74327313,-104.98233897,2024-08-10,2026-04-19 00:36:00,DENVER,DENVER,DPD,Power/ 661, ,Pedestrian,Pedestrian,0,1,0,0,1.0,0,0,0,E 17TH AVE,N LOGAN ST,E 17TH AVE & N LOGAN ST,0.0,At the intersection, ,0.0, ,0,0,0,0.0, , ,On-roadway, ,Collision with Non-Motorist:Pedestrian, , , ,Collision with Non-Motorist:Pedestrian,Level,At Intersection,Not Applicable,Dark-Lighted,Dry,Clear, , ,0,Straight,1.0, ,DR3447,LOGAN, , , ,1.0,2.0,0.0,1.0,0.0,0.0,1.0,0.0,0.0,0.0,0.0,1.0,0.0,1.0,0.0,0.0,Y,Motorvehicle; Scooter,Y, , , ,1.0, , , , ,0.0,Making left turn,East,Unknown,Unknown,West,Traveling along roadway against traffic (in or adjacent to travel lane),Unfamiliar with area,1.0,Y, ,3,Saturday,00
1224245,2024-036422,39.76719008,-104.99482546,2024-08-25,2026-04-19 21:05:00,DENVER,DENVER,DPD,3/112, ,Pedestrian,Pedestrian,0,1,0,0,1.0,0,0,0,I-25 NB ON RAMP,W PARK AVE,I-25 NB ON RAMP & W PARK AVE,0.0,At the intersection, ,213.0, ,1,0,0,0.0,At the milepoint, ,On-roadway,S01,Collision with Non-Motorist:Pedestrian, , , ,Collision with Non-Motorist:Pedestrian,Level,At Intersection,Not Applicable,Dark-Lighted,Wet,Rain, ,25,0,Straight,1.0, ,DR3447,O, , , ,1.0,2.0,0.0,1.0,0.0,0.0,1.0,0.0,0.0,0.0,0.0,1.0,0.0,1.0,0.0,0.0,Y,Motorvehicle; Scooter,Y, , , ,1.0, , , , ,0.0,Making left turn,West,No contributing action,Not observed,South,Dart/dash,Looked/did not see,1.0,,Y,3,Sunday,21
1224332,2024-036470,39.73833461,-104.9161566,2024-08-21,2026-04-19 15:04:00,DENVER,DENVER,DPD,02 / 242A,2,Pedestrian,Pedestrian,0,1,0,0,0.0,0,0,0,E 14TH AVE,KRAMERIA ST,E 14TH AVE & KRAMERIA ST,0.0,At the intersection, ,0.0, ,0,0,0,0.0, , ,On-roadway,E02,Collision with Non-Motorist:Pedestrian, , , ,Collision with Non-Motorist:Pedestrian,Level,At Intersection,Not Applicable,Daylight,Dry,Clear, , ,0,Straight,2.0, ,DR3447,KRAME, , , ,1.0,2.0,0.0,1.0,0.0,0.0,1.0,0.0,0.0,0.0,0.0,1.0,0.0,1.0,0.0,0.0,Y,Motorvehicle; Scooter,Y, , , ,1.0,Going straight,East,Careless driving,Unknown,30.0, , , , ,East,No contributing action,No apparent contributing factor,1.0,Y, ,3,Wednesday,15
1224377,2024-036492,39.73846112,-104.99797063,2024-08-23,2026-04-19 12:50:00,DENVER,DENVER,DPD,"02, 143A", ,Pedestrian,Pedestrian,0,1,0,0,1.0,0,0,0,E 14TH AVE,N SPEER BLVD,E 14TH AVE & N SPEER BLVD,100.0,Feet,W,0.0, ,0,0,0,0.0, , ,On-roadway, ,Collision with Non-Motorist:Pedestrian, , , ,Collision with Non-Motorist:Pedestrian,Level,Driveway Access Related,Not Applicable,Daylight,Dry,Clear, , ,0,Straight,1.0, ,DR3447,SPEER, , , ,1.0,2.0,0.0,1.0,0.0,0.0,1.0,0.0,0.0,0.0,0.0,1.0,0.0,1.0,0.0,0.0,Y,Motorvehicle; Scooter,Y, , , ,1.0,Entering traffic way/merge,North,Failed to yield row,Distracted/other interior,10.0, , , , ,West,No contributing action,Unknown,1.0,Y, ,3,Friday,12
1225285,2024-037013,39.73845521,-104.99530107,2024-08-29,2026-04-19 08:14:00,DENVER,DENVER,DPD,1-CRT40, ,Pedestrian,Pedestrian,0,1,0,0,1.0,0,0,0,W 14TH AVE,N FOX ST,W 14TH AVE & N FOX ST,0.0,At the intersection, ,0.0, ,0,0,0,0.0, , ,On-roadway, ,Collision with Non-Motorist:Pedestrian, , , ,Collision with Non-Motorist:Pedestrian,Level,At Intersection,Not Applicable,Daylight,Dry,Clear, , ,0,Straight,1.0, ,DR3447,FOXST, , , ,1.0,2.0,0.0,1.0,0.0,0.0,2.0,0.0,0.0,0.0,0.0,1.0,0.0,1.0,0.0,0.0,Y,Motorvehicle; Scooter,Y, , , ,1.0, , , , ,0.0,Going straight,East,No contributing action,No apparent contributing factor,East,Failure to yield right-of-way,No apparent contributing factor,1.0,Y, ,3,Thursday,08