id,drcog_id,latitude,longitude,crashdate,crashtime,city,countyname,agencyid,agencydetl,agencycode,crashtype,drcogctype,numbkilled,numbinjurd,privpropty,publicland,totlnmtrst,secndcrash,constrzone,schoolzone,onroad,rfintsctrd,drcoglocat,intofstdis,intfstdisu,intofstdir,milepoint,highwaynam,intsthghwy,statehwy,othrroadwy,mioffstdis,miofstdisu,mioffstdir,location,lnposition,harmevscd1,harmevscd2,harmevscd3,harmevscd4,harmevsmst,roadcntgrd,roaddescrp,apovrtktrn,lightngcon,rdconditin,weatherco1,weatherco2,highwaynum,numlnsblkd,rdcntrcurv,ttlvehicle,wildanimal,crashformv,city_street,rrcrossing,roadsurfac,roadcontur,drcog_hp,drcogsvrty,drcogttlpi,drcogttlmi,drcogttlsi,drcogttlk,drcogocc,drcogoccpi,drcogoccmi,drcogoccsi,drcogoccki,drcognm,drcognmpi,drcognmmi,drcognmsi,drcognmk,drcog_vru,drcogmodes,drcogsctr,drcogmoto,drcogped,drcogbike,drcogvehcl,TU1_vmov,TU1_dir,TU1_dacts,TU1_cfacts,TU1_rspeed,TUx_vmov,TUx_dir,TUx_dacts,TUx_cfacts,nm_dir,nm_actions,nm_cfacts,drcogcheck,cdot_flag,drcog_flag,Quarter,day_of_week,hour
1233307,2024-041729,39.75305353,-104.9854767,2024-09-29,2026-04-19 17:07:00,DENVER,DENVER,DPD,1-CRT64,2,Pedestrian,Pedestrian,0,0,0,0,0.0,0,0,0,PARK AVE W,CHAMPA ST,PARK AVE W & CHAMPA ST,0.0,At the intersection, ,0.0, ,0,0,0,0.0, , ,On-roadway, ,Collision with Non-Motorist:Pedestrian, , , ,Collision with Non-Motorist:Pedestrian,Level,At Intersection,Not Applicable,Daylight,Dry,Clear, , ,0,Straight,2.0, ,DR3447,CHAMP, , , ,1.0,0.0,0.0,0.0,0.0,0.0,3.0,0.0,0.0,0.0,0.0,1.0,0.0,0.0,0.0,0.0,Y,Motorvehicle; Scooter,Y, , , ,1.0,Stopped in traffic,Northwest,No contributing action,No apparent contributing factor,15.0, , , , ,Southwest,No contributing action,Unknown,1.0,Y, ,3,Sunday,17
1233375,2024-041783,39.75483279,-105.01915817,2024-09-15,2026-04-19 18:58:00,DENVER,DENVER,DPD,3-161D,2,Pedestrian,Pedestrian,0,1,0,0,1.0,0,0,0, BRYANT ST,W 26TH AVE, BRYANT ST & W 26TH AVE,0.0,At the intersection, ,0.0, ,0,0,0,0.0, , ,On-roadway,W01,Collision with Non-Motorist:Pedestrian, , , ,Collision with Non-Motorist:Pedestrian,Level,At Intersection,Not Applicable,Dark-Lighted,Dry,Clear, , ,1,Straight,1.0, ,DR3447,A0026, , , ,1.0,2.0,0.0,1.0,0.0,0.0,1.0,0.0,0.0,0.0,0.0,1.0,0.0,1.0,0.0,0.0,Y,Motorvehicle; Scooter,Y, , , ,1.0, , , , ,0.0,Going straight,West,Unknown,Unknown,North,Failure to yield right-of-way,Unfamiliar with area,1.0,Y, ,3,Sunday,18
1233826,2024-042039,39.75294684,-104.99259776,2024-10-01,2026-04-19 14:15:00,DENVER,DENVER,DPD,2/CRT61,2,Pedestrian,Pedestrian,0,1,0,0,1.0,0,0,0,LARIMER ST,20TH ST,LARIMER ST & 20TH ST,0.0,At the intersection, ,0.0, ,0,0,0,0.0, , ,On-roadway, ,Collision with Non-Motorist:Pedestrian, , , ,Collision with Non-Motorist:Pedestrian,Level,At Intersection,Not Applicable,Daylight,Dry,Clear, , ,0,Straight,1.0, ,DR3447,20THS, , , ,1.0,1.0,1.0,0.0,0.0,0.0,1.0,0.0,0.0,0.0,0.0,1.0,1.0,0.0,0.0,0.0,Y,Motorvehicle; Scooter,Y, , , ,1.0,Going straight,Southwest,Careless driving,Not observed,35.0, , , , ,Northwest,Cross/enter at intersection,Under the influence of alcohol/drugs,1.0,Y, ,4,Tuesday,14
1234116,2024-042129,39.65246129,-104.88479532,2024-09-30,2026-04-19 13:32:00,DENVER,DENVER,DPD,1/CRT32, ,Pedestrian,Pedestrian,0,1,0,0,1.0,0,0,0, YOSEMITE ST,E HAMPDEN AVE, YOSEMITE ST & E HAMPDEN AVE,200.0,Feet,S,0.0, ,0,0,0,0.0, , ,On-roadway, ,Collision with Non-Motorist:Pedestrian,Collision with Object:Ground, , ,Collision with Non-Motorist:Pedestrian,Downhill,Driveway Access Related,Not Applicable,Daylight,Dry,Clear, , ,0,Straight,1.0, ,DR3447,HAMPD, , , ,1.0,2.0,0.0,1.0,0.0,0.0,1.0,0.0,0.0,0.0,0.0,1.0,0.0,1.0,0.0,0.0,Y,Motorvehicle; Scooter,Y, , , ,1.0, , , , ,0.0,Making right turn,North,Failed to yield row,Looked/did not see,North,Traveling on sidewalk with traffic,Aggressive,1.0,Y, ,3,Monday,13
1234146,2024-042147,39.69313694,-105.01653084,2024-09-30,2026-04-19 12:26:00,DENVER,DENVER,DPD,1/479A, ,Pedestrian,Pedestrian,0,0,0,0,0.0,0,0,0,W LOUISIANA AVE,S ALCOTT ST,W LOUISIANA AVE & S ALCOTT ST,0.0,At the intersection, ,0.0, ,0,0,0,0.0, , ,On-roadway, ,Collision with Non-Motorist:Pedestrian, , , ,Collision with Non-Motorist:Pedestrian,Level,At Intersection,Not Applicable,Daylight,Dry,Clear, , ,0,Straight,2.0, ,DR3447,ALCOT, , , ,1.0,0.0,0.0,0.0,0.0,0.0,1.0,0.0,0.0,0.0,0.0,1.0,0.0,0.0,0.0,0.0,Y,Motorvehicle; Scooter,Y, , , ,1.0,Swerve/avoidance,West,No contributing action,No apparent contributing factor,30.0, , , , ,West,Other,Unknown,1.0,Y, ,3,Monday,12
1234436,2024-042286,39.76579491,-104.98460035,2024-10-03,2026-04-19 13:11:00,DENVER,DENVER,DPD,2-233S,1,Pedestrian,Pedestrian,0,0,0,0,0.0,0,0,0, BRIGHTON BLVD,2900 BLK,2900   BRIGHTON BLVD,0.0,At the intersection,S,0.0, ,0,0,0,0.0, , ,On-roadway,N01,Collision with Non-Motorist:Pedestrian, , , ,Collision with Non-Motorist:Pedestrian,Level,Driveway Access Related,Not Applicable,Daylight,Dry,Clear, , ,0,Straight,2.0, ,DR3447,BLK, , , ,1.0,0.0,0.0,0.0,0.0,0.0,1.0,0.0,0.0,0.0,0.0,1.0,0.0,0.0,0.0,0.0,Y,Motorvehicle; Scooter,Y, , , ,1.0, , , , ,0.0,Making right turn,North,No contributing action,No apparent contributing factor,Southwest,"Failure to obey traffic signs, signals, or officer",Unknown,1.0,Y, ,4,Thursday,13
1234512,2024-042343,39.75852064,-105.03461428,2024-10-04,2026-04-19 10:07:00,DENVER,DENVER,DPD,1/121, ,Pedestrian,Pedestrian,0,1,0,0,1.0,0,0,0,W 29TH AVE,N LOWELL BLVD,W 29TH AVE & N LOWELL BLVD,0.0,At the intersection,S,0.0, ,0,0,0,0.0,At the milepoint,S,On-roadway,S01,Collision with Non-Motorist:Pedestrian, , , ,Collision with Non-Motorist:Pedestrian,Level,At Intersection,Not Applicable,Daylight,Dry,Clear, , ,0,Straight,1.0, ,DR3447,LOWEL, , , ,1.0,1.0,1.0,0.0,0.0,0.0,1.0,0.0,0.0,0.0,0.0,1.0,1.0,0.0,0.0,0.0,Y,Motorvehicle; Scooter,Y, , , ,1.0,Making right turn,East,Failed to yield row,Not observed,25.0, , , , ,East,Cross/enter at intersection,Unknown,1.0,Y, ,4,Friday,10
1234521,2024-042349,39.74762667,-105.00536865,2024-10-03,2026-04-19 20:13:00,DENVER,DENVER,DPD,3-163B, ,Pedestrian,Pedestrian,0,1,0,0,1.0,0,0,0,11TH ST,AURARIA PKWY,11TH ST & AURARIA PKWY,0.0,At the intersection, ,0.0, ,0,0,0,0.0,At the milepoint,W,On-roadway,W01,Collision with Non-Motorist:Pedestrian, , , ,Collision with Non-Motorist:Pedestrian,Level,At Intersection,Not Applicable,Dark-Lighted,Dry,Clear, , ,1,Straight,1.0, ,DR3447,AURAR, , , ,1.0,2.0,0.0,1.0,0.0,0.0,1.0,0.0,0.0,0.0,0.0,1.0,0.0,1.0,0.0,0.0,Y,Motorvehicle; Scooter,Y, , , ,1.0, , , , ,0.0,Making right turn,South,No contributing action,No apparent contributing factor,South,Cross/enter at intersection,Other factor,1.0,Y, ,4,Thursday,20
1234908,2024-042636,39.68949697,-105.0442617,2024-10-06,2026-04-19 00:32:00,DENVER,DENVER,DPD,3 / 461C,1,Pedestrian,Pedestrian,0,0,0,0,0.0,0,0,0,W FLORIDA AVE,S TENNYSON ST,W FLORIDA AVE & S TENNYSON ST,0.0,At the intersection, ,0.0, ,0,0,0,0.0,At the milepoint, ,On-roadway,E01,Collision with Non-Motorist:Pedestrian, , , ,Collision with Non-Motorist:Pedestrian,Level,At Intersection,Not Applicable,Dark-Lighted,Dry,Clear, , ,1,Straight,2.0, ,DR3447,TENNY, , , ,1.0,0.0,0.0,0.0,0.0,0.0,0.0,0.0,0.0,0.0,0.0,1.0,0.0,0.0,0.0,0.0,Y,Motorvehicle; Scooter,Y, , , ,1.0, , , , ,0.0,Going straight,East,Unknown,Unknown,West,Failure to yield right-of-way,No apparent contributing factor,1.0,Y, ,4,Sunday,00
1235288,2024-042786,39.66098923,-105.03902006,2024-10-07,2026-04-19 17:43:00,DENVER,DENVER,DPD,2/443A, ,Pedestrian,Pedestrian,0,1,0,0,1.0,0,0,0,W DARTMOUTH AVE,S OSCEOLA ST,W DARTMOUTH AVE & S OSCEOLA ST,0.0,At the intersection, ,0.0, ,0,0,0,0.0, , ,On-roadway,N01,Collision with Non-Motorist:Pedestrian, , , ,Collision with Non-Motorist:Pedestrian,Hill Crest,At Intersection,Not Applicable,Daylight,Dry,Cloudy, , ,1,Straight,1.0, ,DR3447,OSCEO, , , ,1.0,2.0,0.0,1.0,0.0,0.0,1.0,0.0,0.0,0.0,0.0,1.0,0.0,1.0,0.0,0.0,Y,Motorvehicle; Scooter,Y, , , ,1.0,Making right turn,West,Careless driving,Not observed,30.0, , , , ,East,Cross/enter at intersection,No apparent contributing factor,1.0,Y, ,4,Monday,17
1237262,2024-044307,39.7040267,-105.03444769,2024-10-07,2026-04-19 16:45:00,DENVER,DENVER,DPD,2/432C, ,Pedestrian,Pedestrian,0,1,0,0,1.0,0,0,0, LOWELL BLVD,W EXPOSITION AVE, LOWELL BLVD & W EXPOSITION AVE,0.0,At the intersection,E,12.0, ,0,0,0,0.5,Miles,S,On-roadway,W01,Collision with Non-Motorist:Pedestrian, , , ,Collision with Non-Motorist:Pedestrian,Level,At Intersection,Not Applicable,Daylight,Dry,Clear, , ,0,Straight,1.0, ,DR3447,EXPOS, , , ,1.0,2.0,0.0,1.0,0.0,0.0,1.0,0.0,0.0,0.0,0.0,1.0,0.0,1.0,0.0,0.0,Y,Motorvehicle; Scooter,Y, , , ,1.0, , , , ,0.0,Going straight,West,No contributing action,No apparent contributing factor,West,Improper turn/merge; Traveling along roadway with traffic (in or adjacent to travel lane),Aggressive,1.0,Y, ,4,Monday,16
1237478,2024-044445,39.75134091,-104.99292856,2024-10-11,2026-04-19 09:07:00,DENVER,DENVER,DPD,1-CRT40,2,Pedestrian,Pedestrian,0,0,0,0,1.0,0,0,0,LAWRENCE ST,19TH ST,LAWRENCE ST & 19TH ST,0.0,At the intersection, ,0.0, ,0,0,0,0.0, , ,On-roadway, ,Collision with Non-Motorist:Pedestrian, , , ,Collision with Non-Motorist:Pedestrian,Level,At Intersection,Not Applicable,Daylight,Dry,Clear, , ,0,Straight,1.0, ,DR3447,S0019, , , ,1.0,0.0,0.0,0.0,0.0,0.0,1.0,0.0,0.0,0.0,0.0,1.0,0.0,0.0,0.0,0.0,Y,Motorvehicle; Scooter,Y, , , ,1.0, , , , ,0.0,Going straight,Southeast,No contributing action,No apparent contributing factor,Northeast,No contributing action,Unknown,1.0,Y, ,4,Friday,09
1237562,2024-044519,39.76001478,-104.8905208,2024-10-11,2026-04-19 18:08:00,DENVER,DENVER,DPD,2/532E, ,Pedestrian,Pedestrian,0,1,0,0,2.0,0,0,0, CENTRAL PARK BLVD,E MLK JR BLVD, CENTRAL PARK BLVD & E MLK JR BLVD,0.0,At the intersection, ,0.0, ,0,0,0,0.0, , ,On-roadway,S04,Collision with Non-Motorist:Pedestrian,Collision with Non-Motorist:Pedestrian, , ,Collision with Non-Motorist:Pedestrian,Level,At Intersection,Not Applicable,Dawn or Dusk,Dry,Clear, , ,4,Straight,1.0, ,DR3447,MLKJR, , , ,1.0,2.0,0.0,1.0,0.0,0.0,0.0,0.0,0.0,0.0,0.0,2.0,0.0,1.0,0.0,0.0,Y,Motorvehicle; Scooter,Y, , , ,1.0, , , , ,0.0,Going straight,East,No contributing action,No apparent contributing factor,North; North,Traveling along roadway against traffic (in or adjacent to travel lane); Traveling along roadway against traffic (in or adjacent to travel lane),Inexperience; No apparent contributing factor,1.0,Y, ,4,Friday,18
1237955,2024-044757,39.75414459,-104.98930011,2024-10-10,2026-04-19 19:39:00,DENVER,DENVER,DPD,3/651F, ,Pedestrian,Pedestrian,0,1,0,0,1.0,0,0,0,22ND ST,LAWRENCE ST,22ND ST & LAWRENCE ST,0.0, ,E,0.0, ,0,0,0,0.0, , ,On-roadway,E01,Collision with Non-Motorist:Pedestrian, , , ,Collision with Non-Motorist:Pedestrian,Level,At Intersection,Not Applicable,Dark-Lighted,Dry,Clear, , ,30,Straight,1.0, ,DR3447,LAWRE, , , ,1.0,3.0,0.0,0.0,1.0,0.0,1.0,0.0,0.0,0.0,0.0,1.0,0.0,0.0,1.0,0.0,Y,Motorvehicle; Scooter,Y, , , ,1.0, , , , ,0.0,Going straight,Southeast,No contributing action,No apparent contributing factor,Northeast,"Cross/enter at intersection; Failure to obey traffic signs, signals, or officer",Age/ability; Looked/did not see,1.0,Y, ,4,Thursday,19
1237957,2024-044759,39.75199625,-104.97813386,2024-10-06,2026-04-19 10:15:00,DENVER,DENVER,DPD,1 / 213A, ,Pedestrian,Pedestrian,0,0,0,0,0.0,0,0,0, WASHINGTON ST,E 24TH AVE, WASHINGTON ST & E 24TH AVE,0.0,At the intersection, ,0.0, ,0,0,0,0.0, , ,On-roadway, ,Collision with Non-Motorist:Pedestrian, , , ,Collision with Non-Motorist:Pedestrian,Downhill,At Intersection,Not Applicable,Daylight,Dry,Clear, , ,0,Straight,2.0, ,DR3447,A0024, , , ,1.0,0.0,0.0,0.0,0.0,0.0,2.0,0.0,0.0,0.0,0.0,1.0,0.0,0.0,0.0,0.0,Y,Motorvehicle; Scooter,Y, , , ,1.0,Making left turn,West,Failed to yield row,No apparent contributing factor,25.0, , , , ,South,Other,Unknown,1.0,Y, ,4,Sunday,10
1238088,2024-044850,39.74165529,-104.97339231,2024-10-09,2026-04-19 16:03:00,DENVER,DENVER,DPD,2/632B, ,Pedestrian,Pedestrian,0,1,0,0,1.0,0,0,0,E 16TH AVE,N DOWNING ST,E 16TH AVE & N DOWNING ST,0.0, , ,0.0, ,0,0,0,0.0, , ,On-roadway, ,Collision with Non-Motorist:Pedestrian, , , ,Collision with Non-Motorist:Pedestrian,Level,At Intersection,Not Applicable,Daylight,Dry,Clear, , ,0,Straight,1.0, ,DR3447,DOWNI, , , ,1.0,2.0,0.0,1.0,0.0,0.0,1.0,0.0,0.0,0.0,0.0,1.0,0.0,1.0,0.0,0.0,Y,Motorvehicle; Scooter,Y, , , ,1.0,Making right turn,East,Careless driving,Unknown,25.0, , , , ,South,No contributing action,No apparent contributing factor,1.0,Y, ,4,Wednesday,16
1238246,2024-044916,39.74013747,-104.94300499,2024-09-10,2026-04-19 08:09:00,DENVER,DENVER,DPD,2 TRU204,1,Pedestrian,Pedestrian,0,0,0,0,0.0,0,0,0, JACKSON ST,E COLFAX AVE, JACKSON ST & E COLFAX AVE,0.0,At the intersection, ,299.0, ,0,1,0,0.25,Miles,E,On-roadway,W01,Collision with Non-Motorist:Pedestrian, , , ,Collision with Non-Motorist:Pedestrian,Level,At Intersection,Not Applicable,Daylight,Dry,Clear, ,40,1,Straight,2.0, ,DR3447, , , , ,1.0,0.0,0.0,0.0,0.0,0.0,1.0,0.0,0.0,0.0,0.0,1.0,0.0,0.0,0.0,0.0,Y,Motorvehicle; Scooter,Y, , , ,1.0, , , , ,0.0,Stopped in traffic,South,No contributing action,No apparent contributing factor,South,Other,Unknown,1.0,Y, ,3,Tuesday,08
1238433,2024-045048,39.76932988,-104.98011358,2024-10-09,2026-04-19 19:22:00,DENVER,DENVER,DPD,2 / 233B, ,Pedestrian,Pedestrian,0,2,0,0,1.0,0,0,0, BRIGHTON BLVD,35TH ST, BRIGHTON BLVD & 35TH ST,500.0,Feet,S,0.0, ,0,0,0,0.0, , ,Ran off right side,N02,Collision with Non-Motorist:Pedestrian, , , ,Collision with Non-Motorist:Pedestrian,Level,Driveway Access Related,Not Applicable,Dark-Unlighted,Dry,Clear, , ,1,Straight,1.0, ,DR3447,S0035, , , ,1.0,2.0,0.0,2.0,0.0,0.0,1.0,0.0,1.0,0.0,0.0,1.0,0.0,1.0,0.0,0.0,Y,Motorvehicle; Scooter,Y, , , ,1.0,Making right turn,Northeast,Failed to yield row,Looked/did not see,30.0, , , , ,Northeast,No contributing action,No apparent contributing factor,1.0,Y, ,4,Wednesday,19
1238447,2024-045058,39.74003154,-104.98232738,2024-10-10,2026-04-19 17:16:00,DENVER,DENVER,DPD,2 / 641B, ,Pedestrian,Pedestrian,0,1,0,0,1.0,0,0,0,E COLFAX AVE,N LOGAN ST,E COLFAX AVE & N LOGAN ST,0.0,At the intersection, ,297.0, ,0,1,0,2000.0,Feet,E,On-roadway,N02,Collision with Non-Motorist:Pedestrian, , , ,Collision with Non-Motorist:Pedestrian,Level,At Intersection,Not Applicable,Daylight,Dry,Clear, ,40,2,Straight,1.0, ,DR3447, , , , ,1.0,3.0,0.0,0.0,1.0,0.0,1.0,0.0,0.0,0.0,0.0,1.0,0.0,0.0,1.0,0.0,Y,Motorvehicle; Scooter,Y, , , ,1.0, , , , ,0.0,Going straight,North,No contributing action,No apparent contributing factor,West,"Failure to obey traffic signs, signals, or officer; Cross/enter at intersection",Other factor,1.0,Y, ,4,Thursday,17
1238985,2024-045332,39.78561336,-105.0252058,2024-10-08,2026-04-19 20:44:00,DENVER,DENVER,DPD,1-131, ,Pedestrian,Pedestrian,0,1,0,0,1.0,0,0,0, FEDERAL BLVD,W 49TH AVE, FEDERAL BLVD & W 49TH AVE,0.0,At the intersection,W,285.85, ,0,1,0,0.0,At the milepoint, ,On-roadway,W02,Collision with Non-Motorist:Pedestrian, , , ,Collision with Non-Motorist:Pedestrian, ,At Intersection,Not Applicable,Dark-Lighted,Dry,Clear, , ,1,Straight,1.0, ,DR3447, , , , ,1.0,3.0,0.0,0.0,1.0,0.0,1.0,0.0,0.0,0.0,0.0,1.0,0.0,0.0,1.0,0.0,Y,Motorvehicle; Scooter,Y, , , ,1.0, , , , ,0.0,Making left turn,North,No contributing action,Looked/did not see,East,No contributing action,No apparent contributing factor,1.0,Y, ,4,Tuesday,20
1239094,2024-045400,39.74327312,-104.98199957,2024-09-25,2026-04-19 16:00:00,DENVER,DENVER,DPD,2/604,1,Pedestrian,Pedestrian,0,1,0,0,1.0,0,0,0,E 17TH AVE,N LOGAN ST,E 17TH AVE & N LOGAN ST,100.0,Feet,E,0.0, ,0,0,0,0.0, , ,On-roadway,E01,Collision with Non-Motorist:Pedestrian, , , ,Collision with Non-Motorist:Pedestrian,Level,Non-intersection,Not Applicable,Daylight,Dry,Clear, , ,0,Straight,1.0, ,DR3447,LOGAN, , , ,1.0,2.0,0.0,1.0,0.0,0.0,1.0,0.0,0.0,0.0,0.0,1.0,0.0,1.0,0.0,0.0,Y,Motorvehicle; Scooter,Y, , , ,1.0,Entering/leaving parked position,East,Failed to yield row,Looked/did not see,25.0, , , , ,West,No contributing action,No apparent contributing factor,1.0,Y, ,3,Wednesday,16
1241451,2024-046769,39.71120975,-104.99920316,2024-10-18,2026-04-19 13:10:00,DENVER,DENVER,DPD,2/CRT62, ,Pedestrian,Pedestrian,0,2,0,0,2.0,0,0,0,W ALAMEDA AVE,I-25,W ALAMEDA AVE & I-25,0.0,At the intersection, ,0.0, ,0,1,0,0.0, , ,On-roadway,W02,Collision with Non-Motorist:Pedestrian,Collision with Non-Motorist:Pedestrian, , ,Collision with Non-Motorist:Pedestrian,Level,At Intersection,Not Applicable,Daylight,Dry,Cloudy, , ,1,Straight,1.0, ,DR3447, , , , ,1.0,1.0,2.0,0.0,0.0,0.0,2.0,0.0,0.0,0.0,0.0,2.0,2.0,0.0,0.0,0.0,Y,Motorvehicle; Pedestrian; Scooter,Y, ,Y, ,1.0, , , , ,0.0,Making right turn,South,No contributing action,No apparent contributing factor,West; West,Other; Cross/enter at intersection,Aggressive; Unfamiliar with area; No apparent contributing factor,1.0,Y, ,4,Friday,13
1241500,2024-046816,39.68949233,-105.02506062,2024-10-24,2026-04-19 15:50:00,DENVER,DENVER,DPD,2/442E, ,Nan,Nan,0,0,0,0,2.0,0,0,0,W FLORIDA AVE,S FEDERAL BLVD,W FLORIDA AVE & S FEDERAL BLVD,0.0, , ,0.0, ,0,0,0,0.0, , ,On Private Property,S02,Collision with Non-Motorist:Pedestrian, , , ,Collision with Non-Motorist:Pedestrian,Level,Parking Lot,Not Applicable,Daylight,Dry,Clear, , ,0,Straight,1.0, ,DR3447,FEDER, , , ,1.0,0.0,0.0,0.0,0.0,0.0,1.0,0.0,0.0,0.0,0.0,2.0,0.0,0.0,0.0,0.0,Y,Motorvehicle; Scooter,Y, , , ,1.0,Making right turn,Southwest,Other contributing action,No apparent contributing factor,35.0, , , , ,Unknown; Unknown,Traveling on sidewalk with traffic; Unknown,Other factor; Unknown,1.0, ,Y,4,Thursday,15
1241563,2024-046867,39.73840386,-104.96599826,2024-10-26,2026-04-19 02:34:00,DENVER,DENVER,DPD,3 / 662A, ,Pedestrian,Pedestrian,0,0,0,0,0.0,0,0,0, WILLIAMS ST,E 14TH AVE, WILLIAMS ST & E 14TH AVE,0.0, , ,0.0, ,0,0,0,0.0, , ,On-roadway,E01,Collision with Non-Motorist:Pedestrian, , , ,Collision with Non-Motorist:Pedestrian,Level,At Intersection,Not Applicable,Dark-Lighted,Dry,Clear, , ,1,Straight,2.0, ,DR3447,A0014, , , ,1.0,0.0,0.0,0.0,0.0,0.0,1.0,0.0,0.0,0.0,0.0,1.0,0.0,0.0,0.0,0.0,Y,Motorvehicle; Scooter,Y, , , ,1.0, , , , ,0.0,Going straight,East,No contributing action,No apparent contributing factor,South,"Failure to obey traffic signs, signals, or officer",No apparent contributing factor,1.0,Y, ,4,Saturday,02
1241642,2024-046912,39.71940159,-104.94062724,2024-10-21,2026-04-19 10:59:00,DENVER,DENVER,DPD,1/326S, ,Pedestrian,Pedestrian,0,0,0,0,1.0,0,0,0, COLORADO BLVD,E 2ND AVE, COLORADO BLVD & E 2ND AVE,0.0,At the intersection, ,4.0, ,0,1,0,0.5,Miles,N,On-roadway,S03,Collision with Non-Motorist:Pedestrian, , , ,Collision with Non-Motorist:Pedestrian,Uphill,At Intersection,Not Applicable,Daylight,Wet,Rain, ,002A,1,Straight,1.0, ,DR3447, , , , ,1.0,0.0,0.0,0.0,0.0,0.0,1.0,0.0,0.0,0.0,0.0,1.0,0.0,0.0,0.0,0.0,Y,Motorvehicle; Scooter,Y, , , ,1.0, , , , ,0.0,Making right turn,East,No contributing action,No apparent contributing factor,North,Traveling along roadway against traffic (in or adjacent to travel lane),Inexperience,1.0,Y, ,4,Monday,10
1241936,2024-047084,39.75507828,-104.98810094,2024-10-22,2026-04-19 15:55:00,DENVER,DENVER,DPD,2    632A, ,Pedestrian,Pedestrian,0,1,0,0,1.0,0,0,0,PARK AVE W,LAWRENCE ST,PARK AVE W & LAWRENCE ST,0.0,At the intersection, ,0.0, ,0,0,0,0.0, , ,On-roadway,W01,Collision with Non-Motorist:Pedestrian, , , ,Collision with Non-Motorist:Pedestrian,Level,At Intersection,Not Applicable,Daylight,Dry,Clear, , ,1,Straight,1.0, ,DR3447,LAWRE, , , ,1.0,2.0,0.0,1.0,0.0,0.0,1.0,0.0,0.0,0.0,0.0,1.0,0.0,1.0,0.0,0.0,Y,Motorvehicle; Scooter,Y, , , ,1.0, , , , ,0.0,Going straight,Northwest,No contributing action,No apparent contributing factor,Southwest,Dart/dash; Failure to yield right-of-way,Aggressive; Looked/did not see,1.0,Y, ,4,Tuesday,15
1241950,2024-047091,39.75709273,-104.99072718,2024-10-22,2026-04-19 16:19:00,DENVER,DENVER,DPD,2/645S, ,Pedestrian,Pedestrian,0,1,0,0,1.0,0,0,0,BLAKE ST,PARK AVE W,BLAKE ST & PARK AVE W,5.0,Feet,SW,0.0, ,0,0,0,0.0, , ,On-roadway, ,Collision with Non-Motorist:Pedestrian, , , ,Collision with Non-Motorist:Pedestrian,Level,At Intersection,Not Applicable,Daylight,Dry,Clear, , ,0,Straight,1.0, ,DR3447,PARKA, , , ,1.0,2.0,0.0,1.0,0.0,0.0,1.0,0.0,0.0,0.0,0.0,1.0,0.0,1.0,0.0,0.0,Y,Motorvehicle; Scooter,Y, , , ,1.0, , , , ,0.0,Making right turn,Southwest,No contributing action,Not observed,Southwest,Cross/enter at intersection,No apparent contributing factor,1.0,Y, ,4,Tuesday,16
1242949,2024-047695,39.72562519,-104.97877435,2024-10-29,2026-04-19 19:24:00,DENVER,DENVER,DPD,2/333C, ,Pedestrian,Pedestrian,0,1,0,0,1.0,0,0,0,E 6TH AVE,N WASHINGTON ST,E 6TH AVE & N WASHINGTON ST,0.0,At the intersection, ,0.0, ,0,0,0,0.0, , ,On-roadway, ,Collision with Non-Motorist:Pedestrian, , , ,Collision with Non-Motorist:Pedestrian,Level,At Intersection,Not Applicable,Dark-Lighted,Dry,Clear, , ,0,Straight,1.0, ,DR3447,WASHI, , , ,1.0,1.0,1.0,0.0,0.0,0.0,1.0,0.0,0.0,0.0,0.0,1.0,1.0,0.0,0.0,0.0,Y,Motorvehicle; Scooter,Y, , , ,1.0, , , , ,0.0,Going straight,East,No contributing action,No apparent contributing factor,East,Failure to yield right-of-way,Distracted/cell phone,1.0,Y, ,4,Tuesday,19
1243480,2024-048037,39.68497908,-105.0250115,2024-10-16,2026-04-19 15:22:00,DENVER,DENVER,DPD,2/431T, ,Pedestrian,Pedestrian,0,0,0,0,0.0,0,0,0, FEDERAL BLVD,W COLORADO AVE, FEDERAL BLVD & W COLORADO AVE,36.0,Feet,W,3.75, ,0,1,0,1000.0,Feet,N,On-roadway,E01,Collision with Non-Motorist:Pedestrian, , , ,Collision with Non-Motorist:Pedestrian,Level,At Intersection,Not Applicable,Daylight,Dry,Clear, , ,0,Straight,2.0, ,DR3447, , , , ,1.0,0.0,0.0,0.0,0.0,0.0,4.0,0.0,0.0,0.0,0.0,1.0,0.0,0.0,0.0,0.0,Y,Motorvehicle; Scooter,Y, , , ,1.0, , , , ,0.0,Stopped in traffic,East,No contributing action,No apparent contributing factor,South,"Cross/enter at intersection; Failure to obey traffic signs, signals, or officer",No apparent contributing factor,1.0,Y, ,4,Wednesday,15
1243494,2024-048045,39.75583871,-104.99875059,2024-10-29,2026-04-19 15:32:00,DENVER,DENVER,DPD,2/645S, ,Pedestrian,Pedestrian,0,1,0,0,1.0,0,0,0,19TH ST,WEWATTA ST,19TH ST & WEWATTA ST,0.0, , ,0.0, ,0,0,0,0.0, , ,On-roadway,W01,Collision with Non-Motorist:Pedestrian, , , ,Collision with Non-Motorist:Pedestrian,Level,At Intersection,Not Applicable,Daylight,Dry,Clear, , ,1,Straight,1.0, ,DR3447,WEWAT, , , ,1.0,2.0,0.0,1.0,0.0,0.0,1.0,0.0,0.0,0.0,0.0,1.0,0.0,1.0,0.0,0.0,Y,Motorvehicle; Scooter,Y, , , ,1.0, , , , ,0.0,Making right turn,Southeast,Other contributing action,Other factor,Northeast,Cross/enter at intersection,Other factor,1.0,Y, ,4,Tuesday,15