id,drcog_id,latitude,longitude,crashdate,crashtime,city,countyname,agencyid,agencydetl,agencycode,crashtype,drcogctype,numbkilled,numbinjurd,privpropty,publicland,totlnmtrst,secndcrash,constrzone,schoolzone,onroad,rfintsctrd,drcoglocat,intofstdis,intfstdisu,intofstdir,milepoint,highwaynam,intsthghwy,statehwy,othrroadwy,mioffstdis,miofstdisu,mioffstdir,location,lnposition,harmevscd1,harmevscd2,harmevscd3,harmevscd4,harmevsmst,roadcntgrd,roaddescrp,apovrtktrn,lightngcon,rdconditin,weatherco1,weatherco2,highwaynum,numlnsblkd,rdcntrcurv,ttlvehicle,wildanimal,crashformv,city_street,rrcrossing,roadsurfac,roadcontur,drcog_hp,drcogsvrty,drcogttlpi,drcogttlmi,drcogttlsi,drcogttlk,drcogocc,drcogoccpi,drcogoccmi,drcogoccsi,drcogoccki,drcognm,drcognmpi,drcognmmi,drcognmsi,drcognmk,drcog_vru,drcogmodes,drcogsctr,drcogmoto,drcogped,drcogbike,drcogvehcl,TU1_vmov,TU1_dir,TU1_dacts,TU1_cfacts,TU1_rspeed,TUx_vmov,TUx_dir,TUx_dacts,TUx_cfacts,nm_dir,nm_actions,nm_cfacts,drcogcheck,cdot_flag,drcog_flag,Quarter,day_of_week,hour
1243516,2024-048058,39.67846249,-104.99754625,2024-10-30,2026-04-19 16:39:00,DENVER,DENVER,DPD,2 / 333c, ,Pedestrian,Pedestrian,0,1,0,0,1.0,0,0,0,W EVANS AVE,S PLATTE RIVER DR,W EVANS AVE & S PLATTE RIVER DR,0.0,At the intersection, ,0.0, ,0,0,0,0.0, , ,On-roadway,S01,Collision with Non-Motorist:Pedestrian, , , ,Collision with Non-Motorist:Pedestrian,Level,At Intersection,Not Applicable,Dawn or Dusk,Wet,Rain, , ,0,Straight,1.0, ,DR3447,PLATT, , , ,1.0,1.0,1.0,0.0,0.0,0.0,1.0,0.0,0.0,0.0,0.0,1.0,1.0,0.0,0.0,0.0,Y,Motorvehicle; Scooter,Y, , , ,1.0, , , , ,0.0,Stopped in traffic,South,No contributing action,No apparent contributing factor,South,Dart/dash; Traveling on sidealk against traffic,Looked/did not see,1.0,Y, ,4,Wednesday,16
1243983,2024-048354,39.75365591,-104.99341874,2024-09-07,2026-04-19 03:30:00,DENVER,DENVER,DPD,3/651C,1,Pedestrian,Pedestrian,0,1,0,0,1.0,0,0,0,20TH ST,MARKET ST,20TH ST & MARKET ST,0.0,At the intersection,W,0.0, ,0,0,0,0.0, , ,On-roadway, ,Collision with Non-Motorist:Pedestrian, , , ,Collision with Non-Motorist:Pedestrian,Level,At Intersection,Not Applicable,Dark-Lighted,Dry,Clear, , ,0, ,1.0, ,DR3447,MARKE, , , ,1.0,1.0,1.0,0.0,0.0,0.0,1.0,0.0,0.0,0.0,0.0,1.0,1.0,0.0,0.0,0.0,Y,Motorvehicle; Scooter,Y, , , ,1.0,Going straight,East,Unknown,Unknown,99.0, , , , ,South,Cross/enter at intersection,Unknown,1.0,Y, ,3,Saturday,03
1244727,2024-048750,39.74397398,-105.04402349,2024-11-02,2026-04-19 21:03:00,DENVER,DENVER,DPD,2/141A, ,Pedestrian,Pedestrian,0,1,0,0,1.0,0,0,0,W 17TH AVE,N TENNYSON ST,W 17TH AVE & N TENNYSON ST,0.0,At the intersection,SW,0.0, ,0,0,0,0.0, ,W,On-roadway,E01,Collision with Non-Motorist:Pedestrian, , , ,Collision with Non-Motorist:Pedestrian,Level,At Intersection,Not Applicable,Dark-Lighted,Dry,Clear, , ,1,Straight,1.0, ,DR3447,TENNY, , , ,1.0,3.0,0.0,0.0,1.0,0.0,1.0,0.0,0.0,0.0,0.0,1.0,0.0,0.0,1.0,0.0,Y,Motorvehicle; Scooter,Y, , , ,1.0, , , , ,0.0,Making right turn,East,No contributing action,No apparent contributing factor,East,Improper passing,Other factor,1.0,Y, ,4,Saturday,21
1244732,2024-048754,39.7705073,-105.01120816,2024-11-02,2026-04-19 23:06:00,DENVER,DENVER,DPD,3/152C, ,Pedestrian,Pedestrian,0,1,0,0,1.0,0,0,0,W 39TH AVE,N TEJON ST,W 39TH AVE & N TEJON ST,15.0,Feet,S,0.0, ,0,0,0,0.0, , ,On-roadway, ,Collision with Non-Motorist:Pedestrian,Collision with Other Vehicle:Parked Motor Vehicle, , ,Collision with Non-Motorist:Pedestrian,Level,Non-intersection,Not Applicable,Dark-Lighted,Dry,Clear, , ,0,Straight,1.0, ,DR3447,TEJON, , , ,1.0,3.0,0.0,0.0,1.0,0.0,1.0,0.0,0.0,0.0,0.0,1.0,0.0,0.0,1.0,0.0,Y,Motorvehicle; Scooter,Y, , , ,1.0, , , , ,0.0,Parked,South,No contributing action,No apparent contributing factor,North,No contributing action,No apparent contributing factor,1.0,Y, ,4,Saturday,23
1245739,2024-049406,39.74346347,-104.95917199,2024-11-05,2026-04-19 12:05:00,DENVER,DENVER,DPD,1-CRT23, ,Pedestrian,Pedestrian,0,0,0,0,1.0,0,0,0, JOSEPHINE ST,E 17TH AVE, JOSEPHINE ST & E 17TH AVE,0.0,At the intersection, ,0.0, ,0,0,0,0.0, , ,On-roadway,S01,Collision with Non-Motorist:Pedestrian, , , ,Collision with Non-Motorist:Pedestrian,Level,Driveway Access Related,Not Applicable,Daylight,Dry,Clear, , ,0,Straight,1.0, ,DR3447,A0017, , , ,1.0,0.0,0.0,0.0,0.0,0.0,2.0,0.0,0.0,0.0,0.0,1.0,0.0,0.0,0.0,0.0,Y,Motorvehicle; Scooter,Y, , , ,1.0, , , , ,0.0,Going straight,West,No contributing action,No apparent contributing factor,South,Other,No apparent contributing factor,1.0,Y, ,4,Tuesday,12
1248078,2024-050816,39.66938272,-104.94770356,2024-11-15,2026-04-19 08:23:00,DENVER,DENVER,DPD,1/CRT35, ,Pedestrian,Pedestrian,0,1,0,0,1.0,0,0,0, COOK ST,E VASSAR AVE, COOK ST & E VASSAR AVE,0.0,At the intersection, ,0.0, ,0,0,0,0.0, , ,On-roadway,E01,Non-Collision:Other Non-Collision,Collision with Non-Motorist:Pedestrian, , ,Collision with Non-Motorist:Pedestrian,Level,At Intersection,Not Applicable,Daylight,Dry,Cloudy, , ,0,Straight,1.0, ,DR3447,VASSA, , , ,1.0,2.0,0.0,1.0,0.0,0.0,1.0,0.0,0.0,0.0,0.0,1.0,0.0,1.0,0.0,0.0,Y,Motorvehicle; Scooter,Y, , , ,1.0,Going straight,South,Failed to yield row,Looked/did not see,25.0, , , , ,East,No contributing action,No apparent contributing factor,1.0,Y, ,4,Friday,08
1249010,2024-051372,39.75052234,-104.96345253,2024-11-13,2026-04-19 20:29:00,DENVER,DENVER,DPD,2/CRT62, ,Pedestrian,Pedestrian,0,1,0,0,1.0,0,0,0, RACE ST,E 23RD AVE, RACE ST & E 23RD AVE,75.0,Feet,S,0.0, ,0,0,0,0.0, , ,On-roadway,N01,Collision with Non-Motorist:Pedestrian,Collision with Other Vehicle:Parked Motor Vehicle, , ,Collision with Non-Motorist:Pedestrian,Level,Non-intersection,Not Applicable,Dark-Unlighted,Dry,Clear, , ,1,Straight,1.0, ,DR3447,A0023, , , ,1.0,1.0,1.0,0.0,0.0,0.0,0.0,0.0,0.0,0.0,0.0,1.0,1.0,0.0,0.0,0.0,Y,Motorvehicle; Scooter,Y, , , ,1.0, , , , ,0.0,Parked,North,No contributing action,No apparent contributing factor,North,Other,Inexperience; Other factor,1.0,Y, ,4,Wednesday,20
1249835,2024-051868,39.703882,-104.98748883,2024-11-16,2026-04-19 02:33:00,DENVER,DENVER,DPD,3 / 352B, ,Pedestrian,Pedestrian,0,1,0,0,1.0,0,0,0, BROADWAY ST,E EXPOSITION AVE, BROADWAY ST & E EXPOSITION AVE,0.0,At the intersection, ,0.0, ,0,0,0,0.0, , ,On-roadway,S02,Collision with Non-Motorist:Pedestrian,Collision with Object:Other non-Fixed Object, , ,Collision with Non-Motorist:Pedestrian,Level,At Intersection,Not Applicable,Dark-Lighted,Dry,Clear, , ,2,Straight,2.0, ,DR3447,EXPOS, , , ,1.0,3.0,0.0,0.0,1.0,0.0,3.0,0.0,0.0,0.0,0.0,1.0,0.0,0.0,1.0,0.0,Y,Motorvehicle; Scooter,Y, , , ,2.0,Going straight,South,Reckless driving,No apparent contributing factor,35.0,Going straight,South,No contributing action,No apparent contributing factor,South,No contributing action,No apparent contributing factor,1.0,Y, ,4,Saturday,02
1250659,2024-052392,39.74645604,-104.9992346,2024-11-25,2026-04-19 13:45:00,DENVER,DENVER,DPD,1-CRT64, ,Pedestrian,Pedestrian,0,0,0,0,1.0,0,0,0,LAWRENCE ST,14TH ST,LAWRENCE ST & 14TH ST,110.0,Feet,S,0.0, ,0,0,0,0.0, , ,On-roadway, ,Collision with Non-Motorist:Pedestrian,Collision with Other Vehicle:Parked Motor Vehicle, , ,Collision with Non-Motorist:Pedestrian,Level,Non-intersection,Not Applicable,Daylight,Dry,Clear, , ,0,Straight,1.0, ,DR3447,S0014, , , ,1.0,0.0,0.0,0.0,0.0,0.0,0.0,0.0,0.0,0.0,0.0,1.0,0.0,0.0,0.0,0.0,Y,Motorvehicle; Scooter,Y, , , ,1.0, , , , ,0.0,Parked,Northeast,No contributing action,No apparent contributing factor,Southwest,Other; Traveling along roadway against traffic (in or adjacent to travel lane),No apparent contributing factor,1.0,Y, ,4,Monday,13
1252257,2024-053365,39.75630501,-105.01583575,2024-12-02,2026-04-19 16:15:00,DENVER,DENVER,DPD,2/133A, ,Pedestrian,Pedestrian,0,1,0,0,1.0,0,0,0, SPEER BLVD,N ZUNI ST, SPEER BLVD & N ZUNI ST,0.0,At the intersection, ,0.0, ,0,0,0,0.0, , ,On-roadway,N01,Collision with Non-Motorist:Pedestrian, , , ,Collision with Non-Motorist:Pedestrian,Level,At Intersection,Not Applicable,Daylight,Dry,Clear, , ,0,Straight,1.0, ,DR3447,ZUNIS, , , ,1.0,1.0,1.0,0.0,0.0,0.0,1.0,0.0,0.0,0.0,0.0,1.0,1.0,0.0,0.0,0.0,Y,Motorvehicle; Scooter,Y, , , ,1.0, , , , ,0.0,Going straight,North,No contributing action,No apparent contributing factor,Northwest,"Cross/enter at intersection; Failure to obey traffic signs, signals, or officer",Aggressive,1.0,Y, ,4,Monday,16
1253518,2024-054144,39.74167218,-104.9798962,2024-12-04,2026-04-19 15:04:00,DENVER,DENVER,DPD,2 / 645S, ,Pedestrian,Pedestrian,0,1,0,0,1.0,0,0,0,E 16TH AVE,N PEARL ST,E 16TH AVE & N PEARL ST,0.0, , ,0.0, ,0,0,0,0.0, , ,On-roadway, ,Collision with Non-Motorist:Pedestrian, , , ,Collision with Non-Motorist:Pedestrian,Level,Crossover Related,Not Applicable,Daylight,Dry,Clear, , ,0,Straight,1.0, ,DR3447,PEARL, , , ,1.0,1.0,1.0,0.0,0.0,0.0,1.0,0.0,0.0,0.0,0.0,1.0,1.0,0.0,0.0,0.0,Y,Motorvehicle; Scooter,Y, , , ,1.0, , , , ,0.0,Going straight,North,No contributing action,No apparent contributing factor,West,Traveling on sidealk against traffic,Looked/did not see,1.0,Y, ,4,Wednesday,15
1253553,2024-054168,39.77513469,-104.95414515,2024-12-08,2026-04-19 00:58:00,DENVER,DENVER,DPD,3/252B, ,Pedestrian,Pedestrian,0,0,0,0,0.0,0,0,0, CLAYTON ST,E 42ND AVE, CLAYTON ST & E 42ND AVE,20.0,Feet, ,0.0, ,0,0,0,0.0, , ,On-roadway,S01,Collision with Non-Motorist:Pedestrian, , , ,Collision with Non-Motorist:Pedestrian,Level,Railroad Crossing Related,Not Applicable,Dark-Lighted,Dry,Clear, , ,0,Straight,2.0, ,DR3447,A0042, , , ,1.0,0.0,0.0,0.0,0.0,0.0,1.0,0.0,0.0,0.0,0.0,1.0,0.0,0.0,0.0,0.0,Y,Motorvehicle; Scooter,Y, , , ,1.0, , , , ,0.0,Going straight,East,No contributing action,No apparent contributing factor,South,Other,Distracted-manipulating electronic device,1.0,Y, ,4,Sunday,00
1253897,2024-054371,39.74397854,-105.05092414,2024-12-09,2026-04-19 06:56:00,DENVER,DENVER,DPD,1/CRT11, ,Pedestrian,Pedestrian,0,0,0,0,1.0,0,0,0, YATES ST,W 17TH AVE, YATES ST & W 17TH AVE,0.0,At the intersection, ,0.0, ,0,0,0,0.0, , ,On-roadway, ,Collision with Non-Motorist:Pedestrian, , , ,Collision with Non-Motorist:Pedestrian,Level,At Intersection,Not Applicable,Dawn or Dusk,Dry,Cloudy, , ,0,Straight,1.0, ,DR3447,A0017, , , ,1.0,0.0,0.0,0.0,0.0,0.0,1.0,0.0,0.0,0.0,0.0,1.0,0.0,0.0,0.0,0.0,Y,Motorvehicle; Scooter,Y, , , ,1.0,Making left turn,North,Failed to yield row,Looked/did not see,20.0, , , , ,East,No contributing action,No apparent contributing factor,1.0,Y, ,4,Monday,06
1254336,2024-054634,39.72773952,-104.98828724,2024-12-03,2026-04-19 13:30:00,DENVER,DENVER,DPD,2/335S,9,Pedestrian,Pedestrian,0,1,0,0,1.0,0,0,0,W SPEER BLVD,N BROADWAY ST,W SPEER BLVD & N BROADWAY ST,300.0,Feet,NW,0.0, ,0,0,0,0.0, , ,Ran off right side,WRS,Collision with Non-Motorist:Pedestrian, , , ,Collision with Non-Motorist:Pedestrian,Level,Crossover Related,Not Applicable,Daylight,Dry,Clear, , ,0,Straight,1.0, ,DR3447,BROAD, , , ,1.0,2.0,0.0,1.0,0.0,0.0,0.0,0.0,0.0,0.0,0.0,1.0,0.0,1.0,0.0,0.0,Y,Motorvehicle; Scooter,Y, , , ,1.0,Going straight,South,Careless driving,Not observed,15.0, , , , ,Southeast,No contributing action,No apparent contributing factor,1.0,Y, ,4,Tuesday,13
1254741,2024-054846,39.73845977,-104.99764615,2024-12-10,2026-04-19 18:43:00,DENVER,DENVER,DPD,2, ,Pedestrian,Pedestrian,0,1,0,1,1.0,0,0,0, SPEER BLVD,W 14TH AVE, SPEER BLVD & W 14TH AVE,0.0,At the intersection,N,0.0, ,0,0,0,0.0, , ,On-roadway,S04,Collision with Non-Motorist:Pedestrian, , , ,Collision with Non-Motorist:Pedestrian,Level,At Intersection,Not Applicable,Dark-Lighted,Dry,Wind, , ,0,Straight,1.0, ,DR3447,A0014, , , ,1.0,2.0,0.0,1.0,0.0,0.0,1.0,0.0,0.0,0.0,0.0,1.0,0.0,1.0,0.0,0.0,Y,Motorvehicle; Scooter,Y, , , ,1.0, , , , ,0.0,Going straight,South,No contributing action,Looked/did not see,West,Cross/enter at intersection,Looked/did not see,1.0,Y, ,4,Tuesday,18
1255697,2024-055464,39.68052524,-105.02481912,2024-11-19,2026-04-19 12:21:00,DENVER,DENVER,DPD,1/CRT42,1,Pedestrian,Pedestrian,0,1,0,0,1.0,0,0,0,W ASBURY AVE,S FEDERAL BLVD,W ASBURY AVE & S FEDERAL BLVD,35.0,Feet,E,0.0, ,0,1,0,0.0, , ,On-roadway,W01,Collision with Non-Motorist:Pedestrian, , , ,Collision with Non-Motorist:Pedestrian,Level,Intersection Related,Not Applicable,Daylight,Dry,Clear, , ,0,Straight,1.0, ,DR3447, , , , ,1.0,3.0,0.0,0.0,1.0,0.0,1.0,0.0,0.0,0.0,0.0,1.0,0.0,0.0,1.0,0.0,Y,Motorvehicle; Scooter,Y, , , ,1.0, , , , ,0.0,Going straight,West,No contributing action,Age/driver ability,South,Dart/dash; Failure to yield right-of-way,Aggressive,1.0,Y, ,4,Tuesday,12
1255981,2024-055656,39.70041297,-105.04695935,2024-12-12,2026-04-19 08:00:00,DENVER,DENVER,DPD,1-CRT40, ,Pedestrian,Pedestrian,0,1,0,0,1.0,0,0,0,W KENTUCKY AVE,S VRAIN ST,W KENTUCKY AVE & S VRAIN ST,0.0,At the intersection, ,0.0, ,0,0,0,0.0, , ,On-roadway, ,Collision with Non-Motorist:Pedestrian, , , ,Collision with Non-Motorist:Pedestrian,Level,At Intersection,Not Applicable,Daylight,Dry,Clear, , ,0,Straight,1.0, ,DR3447,VRAIN, , , ,1.0,2.0,0.0,1.0,0.0,0.0,2.0,0.0,0.0,0.0,0.0,1.0,0.0,1.0,0.0,0.0,Y,Motorvehicle; Scooter,Y, , , ,1.0, , , , ,0.0,Going straight,South,No contributing action,No apparent contributing factor,West,No contributing action,No apparent contributing factor,1.0,Y, ,4,Thursday,08
1256581,2024-056002,39.68758267,-104.98044204,2024-12-16,2026-04-19 10:00:00,DENVER,DENVER,DPD,2/CRT37,2,Pedestrian,Pedestrian,0,0,0,0,1.0,0,0,0, PEARL ST,E IOWA AVE, PEARL ST & E IOWA AVE,20.0,Feet,W,0.0, ,0,0,0,0.0, , ,On-roadway,S01,Collision with Non-Motorist:Pedestrian, , , ,Collision with Non-Motorist:Pedestrian,Level,Driveway Access Related,Not Applicable,Daylight,Dry,Clear, , ,0,Straight,1.0, ,DR3447,IOWAA, , , ,1.0,0.0,0.0,0.0,0.0,0.0,1.0,0.0,0.0,0.0,0.0,1.0,0.0,0.0,0.0,0.0,Y,Motorvehicle; Scooter,Y, , , ,1.0,Going straight,East,Unknown,Unknown,99.0, , , , ,North,No contributing action,No apparent contributing factor,1.0,Y, ,4,Monday,10
1256851,2024-056091,39.71657696,-104.98750189,2024-12-16,2026-04-19 13:01:00,DENVER,DENVER,DPD,1/CRT32,2,Pedestrian,Pedestrian,0,0,0,0,1.0,0,0,0, BROADWAY ST,E ELLSWORTH AVE, BROADWAY ST & E ELLSWORTH AVE,0.0,At the intersection, ,0.0, ,0,0,0,0.0, , ,On-roadway, ,Collision with Non-Motorist:Pedestrian, , , ,Collision with Non-Motorist:Pedestrian,Level,At Intersection,Not Applicable,Daylight,Dry,Clear, , ,0,Straight,1.0, ,DR3447,ELLSW, , , ,1.0,0.0,0.0,0.0,0.0,0.0,1.0,0.0,0.0,0.0,0.0,1.0,0.0,0.0,0.0,0.0,Y,Motorvehicle; Scooter,Y, , , ,1.0, , , , ,0.0,Making left turn,South,No contributing action,No apparent contributing factor,South,"Failure to obey traffic signs, signals, or officer",Looked/did not see,1.0,Y, ,4,Monday,13
1256869,2024-056106,39.74198029,-104.99285852,2024-12-17,2026-04-19 18:20:00,DENVER,DENVER,DPD,2 / 644S,1,Pedestrian,Pedestrian,0,0,0,0,1.0,0,0,0,14TH ST,GLENARM PL,14TH ST & GLENARM PL,0.0, , ,0.0, ,0,0,0,0.0, , ,On-roadway,N01,Collision with Non-Motorist:Pedestrian, , , ,Collision with Non-Motorist:Pedestrian,Level,At Intersection,Not Applicable,Dark-Lighted,Dry,Clear, , ,0,Straight,1.0, ,DR3447,GLENA, , , ,1.0,0.0,0.0,0.0,0.0,0.0,1.0,0.0,0.0,0.0,0.0,1.0,0.0,0.0,0.0,0.0,Y,Motorvehicle; Scooter,Y, , , ,1.0,Making right turn,Southeast,Failed to yield row,Unknown,20.0, , , , ,Southeast,No contributing action,No apparent contributing factor,1.0,Y, ,4,Tuesday,18
1257127,2024-056267,39.73842799,-104.97990604,2024-11-28,2026-04-19 09:00:00,DENVER,DENVER,DPD,Detail 1,1,Pedestrian,Pedestrian,0,1,0,0,1.0,0,0,0,E 14TH AVE,N PEARL ST,E 14TH AVE & N PEARL ST,0.0,At the intersection,S,0.0, ,0,0,0,0.0, , ,On-roadway,E03,Collision with Non-Motorist:Pedestrian, , , ,Collision with Non-Motorist:Pedestrian,Level,At Intersection,Not Applicable,Daylight,Dry,Clear, , ,1,Straight,1.0, ,DR3447,PEARL, , , ,1.0,2.0,0.0,1.0,0.0,0.0,0.0,0.0,0.0,0.0,0.0,1.0,0.0,1.0,0.0,0.0,Y,Motorvehicle; Scooter,Y, , , ,1.0,Going straight,East,Careless driving,Unknown,30.0, , , , ,South,Other,Unknown,1.0,Y, ,4,Thursday,09
1257980,2024-056754,39.7352545,-104.98884112,2024-11-20,2026-04-19 06:29:00,DENVER,DENVER,DPD,1/612D,1,Pedestrian,Pedestrian,0,1,0,0,1.0,0,0,0,W 12TH AVE,N ACOMA ST,W 12TH AVE & N ACOMA ST,0.0, , ,0.0, ,0,0,0,0.0, , ,On-roadway, ,Collision with Non-Motorist:Pedestrian, , , ,Collision with Non-Motorist:Pedestrian,Level,At Intersection,Not Applicable,Dawn or Dusk,Dry,Clear, , ,1,Straight,1.0, ,DR3447,ACOMA, , , ,1.0,3.0,0.0,0.0,1.0,0.0,0.0,0.0,0.0,0.0,0.0,1.0,0.0,0.0,1.0,0.0,Y,Motorvehicle; Scooter,Y, , , ,1.0, , , , ,0.0,Making right turn,East,Unknown,Unknown,East,Improper passing,Aggressive,1.0,Y, ,4,Wednesday,06
1258620,2024-057162,39.75847553,-105.025287,2024-12-19,2026-04-19 17:40:00,DENVER,DENVER,DPD,2/133A, ,Pedestrian,Pedestrian,0,1,0,0,1.0,0,0,0,W 29TH AVE,N FEDERAL BLVD,W 29TH AVE & N FEDERAL BLVD,0.0,At the intersection, ,284.0, ,0,1,0,600.0,Feet,S,On-roadway,N02,Collision with Non-Motorist:Pedestrian, , , ,Collision with Non-Motorist:Pedestrian,Level,At Intersection,Not Applicable,Dark-Lighted,Dry,Clear, ,287,1,Straight,1.0, ,DR3447, , , , ,1.0,1.0,1.0,0.0,0.0,0.0,1.0,0.0,0.0,0.0,0.0,1.0,1.0,0.0,0.0,0.0,Y,Motorvehicle; Scooter,Y, , , ,1.0,Making right turn,West,Failed to yield row,Looked/did not see,35.0, , , , ,West,Cross/enter at intersection,Inexperience,1.0,Y, ,4,Thursday,17
1259132,2024-057458,39.69666308,-104.99291544,2024-11-21,2026-04-19 06:18:00,DENVER,DENVER,DPD,1-crt40,1,Pedestrian,Pedestrian,0,1,0,0,1.0,0,0,0,W MISSISSIPPI AVE,S SANTA FE DR,W MISSISSIPPI AVE & S SANTA FE DR,0.0,At the intersection, ,209.0, ,0,1,0,0.9,Miles,N,On-roadway, ,Collision with Non-Motorist:Pedestrian, , , ,Collision with Non-Motorist:Pedestrian,Level,At Intersection,Not Applicable,Dark-Lighted,Dry,Clear, ,85,0,Straight,1.0, ,DR3447, , , , ,1.0,1.0,1.0,0.0,0.0,0.0,1.0,0.0,0.0,0.0,0.0,1.0,1.0,0.0,0.0,0.0,Y,Motorvehicle; Scooter,Y, , , ,1.0,Making right turn,West,Failed to yield row,Looked/did not see,30.0, , , , ,South,No contributing action,No apparent contributing factor,1.0,Y, ,4,Thursday,06
1259928,2024-057897,39.75248452,-104.99144387,2024-12-27,2026-04-19 15:37:00,DENVER,DENVER,DPD,6/632C, ,Pedestrian,Pedestrian,0,1,0,0,1.0,0,0,0,LAWRENCE ST,20TH ST,LAWRENCE ST & 20TH ST,100.0,Feet,N,0.0, ,0,0,0,0.0, , ,On-roadway,N02,Collision with Non-Motorist:Pedestrian, , , ,Collision with Non-Motorist:Pedestrian, ,Driveway Access Related,Not Applicable,Daylight,Dry,Clear, , ,0, ,1.0, ,DR3447,S0020, , , ,1.0,1.0,1.0,0.0,0.0,0.0,1.0,0.0,0.0,0.0,0.0,1.0,1.0,0.0,0.0,0.0,Y,Motorvehicle; Scooter,Y, , , ,1.0, , , , ,0.0,Entering traffic way/merge,Northwest,No contributing action,Unknown,Southwest,Traveling along roadway against traffic (in or adjacent to travel lane),Inexperience,1.0,Y, ,4,Friday,15
1260459,2024-058091,39.74067976,-104.9962644,2024-12-30,2026-04-19 16:00:00,DENVER,DENVER,DPD,1-CRT64,2,Pedestrian,Pedestrian,0,1,0,0,1.0,0,0,0,WELTON ST,12TH ST,WELTON ST & 12TH ST,60.0,Feet,S,0.0, ,0,0,0,0.0, , ,On-roadway, ,Collision with Non-Motorist:Pedestrian, , , ,Collision with Non-Motorist:Pedestrian,Level,Non-intersection,Not Applicable,Dawn or Dusk,Dry,Clear, , ,0,Straight,1.0, ,DR3447,S0012, , , ,1.0,2.0,0.0,1.0,0.0,0.0,1.0,0.0,0.0,0.0,0.0,1.0,0.0,1.0,0.0,0.0,Y,Motorvehicle; Scooter,Y, , , ,1.0,Going straight,Southwest,Unknown,Unknown,99.0, , , , ,Southwest,No contributing action,No apparent contributing factor,1.0,Y, ,4,Monday,16
1260718,2024-058201,39.7384037,-104.96595685,2024-12-31,2026-04-19 02:30:00,DENVER,DENVER,DPD,3/662C, ,Pedestrian,Pedestrian,0,1,0,0,1.0,0,0,0,E 14TH AVE,N FRANKLIN ST,E 14TH AVE & N FRANKLIN ST,750.0,Feet,E,0.0, ,0,0,0,0.0, , ,On-roadway,E03,Collision with Non-Motorist:Pedestrian,Collision with Other Vehicle:Parked Motor Vehicle, , ,Collision with Non-Motorist:Pedestrian,Level,Non-intersection,Not Applicable,Dark-Lighted,Dry,Clear, , ,0,Straight,1.0, ,DR3447,FRANK, , , ,1.0,1.0,1.0,0.0,0.0,0.0,0.0,0.0,0.0,0.0,0.0,1.0,1.0,0.0,0.0,0.0,Y,Motorvehicle; Scooter,Y, , , ,1.0, , , , ,0.0,Parked,East,Careless driving,Not observed,East,Other,"Not visible (dark clothing, no lighting, etc)",1.0,Y, ,4,Tuesday,02
1260752,2024-058215,39.76133842,-105.00529541,2024-12-31,2026-04-19 21:51:00,DENVER,DENVER,DPD,3/153C,1,Pedestrian,Pedestrian,0,1,0,0,1.0,0,0,0,20TH ST,I-25 SB RAMPS,20TH ST & I-25 SB RAMPS,0.0,At the intersection, ,212.0, ,1,0,0,0.0,At the milepoint, ,On-roadway,S01,Collision with Non-Motorist:Pedestrian, , , ,Collision with Non-Motorist:Pedestrian,Hill Crest,At Intersection,Not Applicable,Dark-Lighted,Dry,Clear, ,25,0,Straight,1.0, ,DR3447,N, , , ,1.0,1.0,1.0,0.0,0.0,0.0,1.0,0.0,0.0,0.0,0.0,1.0,1.0,0.0,0.0,0.0,Y,Motorvehicle; Scooter,Y, , , ,1.0,Making left turn,Northwest,Unknown,Unknown,99.0, , , , ,Northwest,Cross/enter at intersection,No apparent contributing factor,1.0,Y, ,4,Tuesday,21
1263100,2024-058991,39.68227216,-105.02501975,2024-12-03,2026-04-19 15:53:00,DENVER,DENVER,DPD,1/479A,3,Pedestrian,Pedestrian,0,0,0,0,0.0,0,0,0,W JEWELL AVE,S FEDERAL BLVD,W JEWELL AVE & S FEDERAL BLVD,0.0,At the intersection, ,3.94, ,0,1,0,7.0,Feet,S,On-roadway, ,Collision with Non-Motorist:Pedestrian, , , ,Collision with Non-Motorist:Pedestrian,Level,At Intersection,Not Applicable,Daylight,Dry,Clear, ,88A,0,Straight,2.0, ,DR3447, , , , ,1.0,0.0,0.0,0.0,0.0,0.0,1.0,0.0,0.0,0.0,0.0,1.0,0.0,0.0,0.0,0.0,Y,Motorvehicle; Scooter,Y, , , ,1.0, , , , ,0.0,Making right turn,South,No contributing action,No apparent contributing factor,East,Other,Age/ability,1.0,Y, ,4,Tuesday,15
1267757,2024-059798,39.76633512,-104.97334391,2024-07-30,2026-04-19 09:00:00,DENVER,DENVER,DPD,1-CRT64,1,Pedestrian,Pedestrian,0,1,0,0,1.0,0,0,0, DOWNING ST,35TH ST, DOWNING ST & 35TH ST,100.0,Feet,N,0.0, ,0,0,0,0.0, , ,On-roadway, ,Collision with Non-Motorist:Pedestrian, , , ,Collision with Non-Motorist:Pedestrian,Level,Non-intersection,Not Applicable,Daylight,Dry,Clear, , ,0,Straight,1.0, ,DR3447,S0035, , , ,1.0,2.0,0.0,1.0,0.0,0.0,1.0,0.0,0.0,0.0,0.0,1.0,0.0,1.0,0.0,0.0,Y,Motorvehicle; Scooter,Y, , , ,1.0,Going straight,North,Careless driving,Not observed,99.0, , , , ,North,Traveling along roadway with traffic (in or adjacent to travel lane),No apparent contributing factor,1.0,Y, ,3,Tuesday,09